{
  "gun.pistol.shot": {
    "subtitle": "subtitles.gun.pistol.shot",
    "sounds": [
      {
        "name": "new_guns:pistol_shot",
        "stream": false
      }
    ]
  },
  "gun.gun.empty": {
    "subtitle": "subtitles.gun.gun.empty",
    "sounds": [
      {
        "name": "new_guns:empty_gun_shot",
        "stream": false
      }
    ]
  },
  "gun.smg.shot": {
    "subtitle": "subtitles.gun.smg.shot",
    "sounds": [
      {
        "name": "new_guns:smg_shot",
        "stream": false
      }
    ]
  },
  "gun.rifle.shot": {
    "subtitle": "subtitles.gun.rifle.shot",
    "sounds": [
      {
        "name": "new_guns:rifle_shot",
        "stream": false
      }
    ]
  },
  "gun.shotgun.shot": {
    "subtitle": "subtitles.gun.shotgun.shot",
    "sounds": [
      {
        "name": "new_guns:shotgun_shot",
        "stream": false
      }
    ]
  },
  "gun.sniper.shot": {
    "subtitle": "subtitles.gun.sniper.shot",
    "sounds": [
      {
        "name": "new_guns:sniper_shot",
        "stream": false
      }
    ]
  },
  "gun.heavy.weapon.shot": {
    "subtitle": "subtitles.gun.heavy.weapon.shot",
    "sounds": [
      {
        "name": "new_guns:heavy_weapon_shot",
        "stream": false
      }
    ]
  },
  "gun.machine.gun.shot": {
    "subtitle": "subtitles.gun.machine.gun.shot",
    "sounds": [
      {
        "name": "new_guns:machine_gun_shot",
        "stream": false
      }
    ]
  },
  "gun.heavy.pistol.shot": {
    "subtitle": "subtitles.gun.heavy.pistol.shot",
    "sounds": [
      {
        "name": "new_guns:deagle_.50_shot",
        "stream": false
      }
    ]
  },
  "gun.smg.shot.10": {
    "subtitle": "subtitles.gun.smg.shot.10",
    "sounds": [
      {
        "name": "new_guns:smg_shot_10",
        "stream": false
      }
    ]
  },
  "flashbanged": {
    "subtitle": "subtitles.flashbanged",
    "sounds": [
      {
        "name": "new_guns:flashbanged",
        "stream": false
      }
    ]
  }
}