{
  "format_version": "1.9.0",
  "credit": "Made with Blockbench",
  "parent": "12gauage",
  "elements": [
    {
      "from": [
        7,
        0,
        7
      ],
      "to": [
        9,
        7,
        9
      ],
      "rotation": {
        "angle": 0,
        "axis": "y",
        "origin": [
          7,
          0,
          7
        ]
      },
      "faces": {
        "north": {
          "uv": [
            0,
            0,
            2,
            7
          ],
          "texture": "#0"
        },
        "east": {
          "uv": [
            2,
            0,
            4,
            7
          ],
          "texture": "#0"
        },
        "south": {
          "uv": [
            4,
            0,
            6,
            7
          ],
          "texture": "#0"
        },
        "west": {
          "uv": [
            6,
            0,
            8,
            7
          ],
          "texture": "#0"
        },
        "up": {
          "uv": [
            2,
            9,
            0,
            7
          ],
          "texture": "#0"
        },
        "down": {
          "uv": [
            4,
            7,
            2,
            9
          ],
          "texture": "#0"
        }
      }
    }
  ],
  "display": {
    "thirdperson_righthand": {
      "rotation": [
        0,
        0,
        -180
      ],
      "translation": [
        0,
        -3,
        0.75
      ],
      "scale": [
        0.7,
        0.7,
        0.7
      ]
    },
    "thirdperson_lefthand": {
      "rotation": [
        0,
        0,
        -180
      ],
      "translation": [
        0,
        -3,
        0.75
      ],
      "scale": [
        0.7,
        0.7,
        0.7
      ]
    },
    "firstperson_righthand": {
      "rotation": [
        0,
        0,
        -180
      ],
      "translation": [
        3.75,
        -4.75,
        0
      ]
    },
    "firstperson_lefthand": {
      "rotation": [
        0,
        0,
        -180
      ],
      "translation": [
        3.75,
        -4.75,
        0
      ]
    },
    "ground": {
      "rotation": [
        0,
        0,
        -180
      ],
      "translation": [
        0,
        -4.5,
        0
      ]
    },
    "gui": {
      "rotation": [
        0,
        0,
        -180
      ],
      "translation": [
        0,
        -10.25,
        0
      ],
      "scale": [
        2.2,
        2.3,
        2.3
      ]
    },
    "head": {
      "translation": [
        0,
        0,
        -7.25
      ]
    },
    "fixed": {
      "rotation": [
        0,
        0,
        -180
      ],
      "translation": [
        0,
        -13.5,
        0
      ],
      "scale": [
        3,
        3,
        3
      ]
    }
  }
}