{
  "format_version": "1.9.0",
  "credit": "Made with Blockbench",
  "parent": "3006cartidge",
  "texture_size": [
    32,
    32
  ],
  "elements": [
    {
      "from": [
        6.03,
        0.03,
        6.03
      ],
      "to": [
        9.97,
        9.97,
        9.97
      ],
      "rotation": {
        "angle": 0,
        "axis": "y",
        "origin": [
          6,
          0,
          6
        ]
      },
      "faces": {
        "north": {
          "uv": [
            0,
            0,
            2,
            5
          ],
          "texture": "#0"
        },
        "east": {
          "uv": [
            2,
            0,
            4,
            5
          ],
          "texture": "#0"
        },
        "south": {
          "uv": [
            4,
            0,
            6,
            5
          ],
          "texture": "#0"
        },
        "west": {
          "uv": [
            0,
            5,
            2,
            10
          ],
          "texture": "#0"
        },
        "up": {
          "uv": [
            4,
            7,
            2,
            5
          ],
          "texture": "#0"
        },
        "down": {
          "uv": [
            6,
            5,
            4,
            7
          ],
          "texture": "#0"
        }
      }
    },
    {
      "from": [
        6.999,
        9.999,
        6.999
      ],
      "to": [
        9.001,
        14.001,
        9.001
      ],
      "rotation": {
        "angle": 0,
        "axis": "y",
        "origin": [
          7,
          10,
          7
        ]
      },
      "faces": {
        "north": {
          "uv": [
            6,
            0,
            7,
            2
          ],
          "texture": "#0"
        },
        "east": {
          "uv": [
            6,
            2,
            7,
            4
          ],
          "texture": "#0"
        },
        "south": {
          "uv": [
            6,
            4,
            7,
            6
          ],
          "texture": "#0"
        },
        "west": {
          "uv": [
            6,
            6,
            7,
            8
          ],
          "texture": "#0"
        },
        "up": {
          "uv": [
            8,
            7,
            7,
            6
          ],
          "texture": "#0"
        },
        "down": {
          "uv": [
            8,
            7,
            7,
            8
          ],
          "texture": "#0"
        }
      }
    },
    {
      "from": [
        7,
        9,
        9
      ],
      "to": [
        9,
        12,
        10
      ],
      "rotation": {
        "angle": -22.5,
        "axis": "x",
        "origin": [
          7,
          9,
          9
        ]
      },
      "faces": {
        "north": {
          "uv": [
            7,
            0,
            8,
            1.5
          ],
          "texture": "#0"
        },
        "east": {
          "uv": [
            8,
            0,
            8.5,
            1.5
          ],
          "texture": "#0"
        },
        "south": {
          "uv": [
            7,
            1.5,
            8,
            3
          ],
          "texture": "#0"
        },
        "west": {
          "uv": [
            8,
            1.5,
            8.5,
            3
          ],
          "texture": "#0"
        },
        "up": {
          "uv": [
            8.5,
            8.5,
            7.5,
            8
          ],
          "texture": "#0"
        },
        "down": {
          "uv": [
            9,
            7.5,
            8,
            8
          ],
          "texture": "#0"
        }
      }
    },
    {
      "from": [
        7,
        9,
        6
      ],
      "to": [
        9,
        12,
        7
      ],
      "rotation": {
        "angle": 22.5,
        "axis": "x",
        "origin": [
          7,
          9,
          6
        ]
      },
      "faces": {
        "north": {
          "uv": [
            2,
            7,
            3,
            8.5
          ],
          "texture": "#0"
        },
        "east": {
          "uv": [
            8,
            3,
            8.5,
            4.5
          ],
          "texture": "#0"
        },
        "south": {
          "uv": [
            3,
            7,
            4,
            8.5
          ],
          "texture": "#0"
        },
        "west": {
          "uv": [
            8,
            4.5,
            8.5,
            6
          ],
          "texture": "#0"
        },
        "up": {
          "uv": [
            9.5,
            0.5,
            8.5,
            0
          ],
          "texture": "#0"
        },
        "down": {
          "uv": [
            9.5,
            0.5,
            8.5,
            1
          ],
          "texture": "#0"
        }
      }
    },
    {
      "from": [
        6,
        9,
        7
      ],
      "to": [
        7,
        12,
        9
      ],
      "rotation": {
        "angle": -22.5,
        "axis": "z",
        "origin": [
          6,
          9,
          9
        ]
      },
      "faces": {
        "north": {
          "uv": [
            6,
            8,
            6.5,
            9.5
          ],
          "texture": "#0"
        },
        "east": {
          "uv": [
            7,
            3,
            8,
            4.5
          ],
          "texture": "#0"
        },
        "south": {
          "uv": [
            8,
            6,
            8.5,
            7.5
          ],
          "texture": "#0"
        },
        "west": {
          "uv": [
            4,
            7,
            5,
            8.5
          ],
          "texture": "#0"
        },
        "up": {
          "uv": [
            9,
            2,
            8.5,
            1
          ],
          "texture": "#0"
        },
        "down": {
          "uv": [
            2.5,
            8.5,
            2,
            9.5
          ],
          "texture": "#0"
        }
      }
    },
    {
      "from": [
        9,
        9,
        7
      ],
      "to": [
        10,
        12,
        9
      ],
      "rotation": {
        "angle": 22.5,
        "axis": "z",
        "origin": [
          9,
          9,
          9
        ]
      },
      "faces": {
        "north": {
          "uv": [
            6.5,
            8,
            7,
            9.5
          ],
          "texture": "#0"
        },
        "east": {
          "uv": [
            7,
            4.5,
            8,
            6
          ],
          "texture": "#0"
        },
        "south": {
          "uv": [
            7,
            8,
            7.5,
            9.5
          ],
          "texture": "#0"
        },
        "west": {
          "uv": [
            5,
            7,
            6,
            8.5
          ],
          "texture": "#0"
        },
        "up": {
          "uv": [
            9,
            3,
            8.5,
            2
          ],
          "texture": "#0"
        },
        "down": {
          "uv": [
            3,
            8.5,
            2.5,
            9.5
          ],
          "texture": "#0"
        }
      }
    }
  ],
  "display": {
    "thirdperson_righthand": {
      "translation": [
        0,
        0.5,
        0.75
      ],
      "scale": [
        0.2,
        0.3,
        0.2
      ]
    },
    "thirdperson_lefthand": {
      "translation": [
        0,
        0.5,
        0.75
      ],
      "scale": [
        0.2,
        0.3,
        0.2
      ]
    },
    "firstperson_righthand": {
      "translation": [
        2.5,
        -1.25,
        0
      ],
      "scale": [
        0.7,
        0.8,
        0.7
      ]
    },
    "firstperson_lefthand": {
      "translation": [
        1.75,
        -1.25,
        0
      ],
      "scale": [
        0.7,
        0.8,
        0.7
      ]
    },
    "ground": {
      "translation": [
        0,
        2,
        0
      ],
      "scale": [
        0.3,
        0.4,
        0.3
      ]
    },
    "gui": {
      "rotation": [
        0,
        20,
        0
      ]
    },
    "head": {
      "rotation": [
        0,
        0,
        -180
      ],
      "translation": [
        0,
        -7.5,
        -7.5
      ],
      "scale": [
        0.8,
        0.8,
        0.8
      ]
    }
  }
}