{
  "format_version": "1.9.0",
  "credit": "Made with Blockbench",
  "parent": "akm",
  "texture_size": [
    64,
    64
  ],
  "elements": [
    {
      "from": [
        7.199,
        -0.801,
        20.599
      ],
      "to": [
        10.401,
        4.001,
        22.201
      ],
      "rotation": {
        "angle": -22.5,
        "axis": "x",
        "origin": [
          7.2,
          -0.8,
          20.6
        ]
      },
      "faces": {
        "north": {
          "uv": [
            7,
            4,
            7.75,
            5.25
          ],
          "texture": "#0"
        },
        "east": {
          "uv": [
            8.5,
            0,
            9,
            1.25
          ],
          "texture": "#0"
        },
        "south": {
          "uv": [
            4.5,
            7,
            5.25,
            8.25
          ],
          "texture": "#0"
        },
        "west": {
          "uv": [
            1.5,
            8.5,
            2,
            9.75
          ],
          "texture": "#0"
        },
        "up": {
          "uv": [
            9.5,
            5.5,
            8.75,
            5
          ],
          "texture": "#0"
        },
        "down": {
          "uv": [
            9.5,
            5.5,
            8.75,
            6
          ],
          "texture": "#0"
        }
      }
    },
    {
      "from": [
        7.2008,
        3.2008,
        20.0008
      ],
      "to": [
        10.3992,
        5.5992,
        23.9992
      ],
      "rotation": {
        "angle": 0,
        "axis": "y",
        "origin": [
          7.2,
          3.2,
          20
        ]
      },
      "faces": {
        "north": {
          "uv": [
            6.75,
            8.75,
            7.5,
            9.25
          ],
          "texture": "#0"
        },
        "east": {
          "uv": [
            8.75,
            2,
            9.75,
            2.5
          ],
          "texture": "#0"
        },
        "south": {
          "uv": [
            7.5,
            8.75,
            8.25,
            9.25
          ],
          "texture": "#0"
        },
        "west": {
          "uv": [
            3.5,
            8.75,
            4.5,
            9.25
          ],
          "texture": "#0"
        },
        "up": {
          "uv": [
            8.75,
            6.25,
            8,
            5.25
          ],
          "texture": "#0"
        },
        "down": {
          "uv": [
            6,
            8.25,
            5.25,
            9.25
          ],
          "texture": "#0"
        }
      }
    },
    {
      "from": [
        7.2008,
        3.2008,
        24.0008
      ],
      "to": [
        10.3992,
        6.3992,
        31.2
      ],
      "rotation": {
        "angle": 0,
        "axis": "y",
        "origin": [
          7.2,
          3.2,
          24
        ]
      },
      "faces": {
        "north": {
          "uv": [
            2,
            8.5,
            2.75,
            9.25
          ],
          "texture": "#0"
        },
        "east": {
          "uv": [
            4.5,
            6.25,
            6.25,
            7
          ],
          "texture": "#0"
        },
        "south": {
          "uv": [
            8.5,
            6.25,
            9.25,
            7
          ],
          "texture": "#0"
        },
        "west": {
          "uv": [
            6.25,
            5.5,
            8,
            6.25
          ],
          "texture": "#0"
        },
        "up": {
          "uv": [
            7,
            8,
            6.25,
            6.25
          ],
          "texture": "#0"
        },
        "down": {
          "uv": [
            1.5,
            6.5,
            0.75,
            8.25
          ],
          "texture": "#0"
        }
      }
    },
    {
      "from": [
        7.2016,
        4.8016,
        23.2016
      ],
      "to": [
        10.3984,
        6.5584,
        31.1992
      ],
      "rotation": {
        "angle": 22.5,
        "axis": "x",
        "origin": [
          7.2,
          4.8,
          23.2
        ]
      },
      "faces": {
        "north": {
          "uv": [
            9,
            0,
            9.75,
            0.5
          ],
          "texture": "#0"
        },
        "east": {
          "uv": [
            6.5,
            0,
            8.5,
            0.5
          ],
          "texture": "#0"
        },
        "south": {
          "uv": [
            9,
            0.5,
            9.75,
            1
          ],
          "texture": "#0"
        },
        "west": {
          "uv": [
            6.5,
            0.5,
            8.5,
            1
          ],
          "texture": "#0"
        },
        "up": {
          "uv": [
            1.5,
            6.5,
            0.75,
            4.5
          ],
          "texture": "#0"
        },
        "down": {
          "uv": [
            2.25,
            5.25,
            1.5,
            7.25
          ],
          "texture": "#0"
        }
      }
    },
    {
      "from": [
        7.2,
        3.2,
        4.8
      ],
      "to": [
        10.4,
        6.4,
        20
      ],
      "rotation": {
        "angle": 0,
        "axis": "y",
        "origin": [
          7.2,
          3.2,
          4.8
        ]
      },
      "faces": {
        "north": {
          "uv": [
            8.5,
            7,
            9.25,
            7.75
          ],
          "texture": "#0"
        },
        "east": {
          "uv": [
            1.5,
            0,
            5.25,
            0.75
          ],
          "texture": "#0"
        },
        "south": {
          "uv": [
            8.5,
            7.75,
            9.25,
            8.5
          ],
          "texture": "#0"
        },
        "west": {
          "uv": [
            1.5,
            0.75,
            5.25,
            1.5
          ],
          "texture": "#0"
        },
        "up": {
          "uv": [
            2.25,
            5.25,
            1.5,
            1.5
          ],
          "texture": "#0"
        },
        "down": {
          "uv": [
            3,
            1.5,
            2.25,
            5.25
          ],
          "texture": "#0"
        }
      }
    },
    {
      "from": [
        7.2,
        1.2,
        16.8
      ],
      "to": [
        10.4,
        1.7,
        20
      ],
      "rotation": {
        "angle": 0,
        "axis": "y",
        "origin": [
          7.2,
          1.2,
          16.8
        ]
      },
      "faces": {
        "north": {
          "uv": [
            9.25,
            9,
            10,
            9.25
          ],
          "texture": "#0"
        },
        "east": {
          "uv": [
            0,
            9.5,
            0.75,
            9.75
          ],
          "texture": "#0"
        },
        "south": {
          "uv": [
            0.75,
            9.5,
            1.5,
            9.75
          ],
          "texture": "#0"
        },
        "west": {
          "uv": [
            9.5,
            1.25,
            10.25,
            1.5
          ],
          "texture": "#0"
        },
        "up": {
          "uv": [
            9.5,
            2,
            8.75,
            1.25
          ],
          "texture": "#0"
        },
        "down": {
          "uv": [
            3.5,
            8.75,
            2.75,
            9.5
          ],
          "texture": "#0"
        }
      }
    },
    {
      "from": [
        7.2,
        2.2,
        18.8
      ],
      "to": [
        10.4,
        2.7,
        20
      ],
      "rotation": {
        "angle": -45,
        "axis": "x",
        "origin": [
          7.2,
          2.2,
          18.8
        ]
      },
      "faces": {
        "north": {
          "uv": [
            2.75,
            9.5,
            3.5,
            9.75
          ],
          "texture": "#0"
        },
        "east": {
          "uv": [
            4.5,
            6,
            4.75,
            6.25
          ],
          "texture": "#0"
        },
        "south": {
          "uv": [
            4.25,
            9.5,
            5,
            9.75
          ],
          "texture": "#0"
        },
        "west": {
          "uv": [
            4.75,
            6,
            5,
            6.25
          ],
          "texture": "#0"
        },
        "up": {
          "uv": [
            10.25,
            5.25,
            9.5,
            5
          ],
          "texture": "#0"
        },
        "down": {
          "uv": [
            10.25,
            5.25,
            9.5,
            5.5
          ],
          "texture": "#0"
        }
      }
    },
    {
      "from": [
        7.201,
        1.301,
        16.801
      ],
      "to": [
        10.399,
        3.499,
        17.299
      ],
      "rotation": {
        "angle": 0,
        "axis": "x",
        "origin": [
          7.2,
          4.2,
          16.8
        ]
      },
      "faces": {
        "north": {
          "uv": [
            9.25,
            7.5,
            10,
            8
          ],
          "texture": "#0"
        },
        "east": {
          "uv": [
            8.25,
            8.75,
            8.5,
            9.25
          ],
          "texture": "#0"
        },
        "south": {
          "uv": [
            9.25,
            8,
            10,
            8.5
          ],
          "texture": "#0"
        },
        "west": {
          "uv": [
            5,
            9.5,
            5.25,
            10
          ],
          "texture": "#0"
        },
        "up": {
          "uv": [
            10.25,
            1.75,
            9.5,
            1.5
          ],
          "texture": "#0"
        },
        "down": {
          "uv": [
            10.25,
            1.75,
            9.5,
            2
          ],
          "texture": "#0"
        }
      }
    },
    {
      "from": [
        7.7,
        -0.3,
        10.45
      ],
      "to": [
        9.9,
        3.9,
        14.65
      ],
      "rotation": {
        "angle": 0,
        "axis": "y",
        "origin": [
          7.2,
          -0.8,
          9.8
        ]
      },
      "faces": {
        "north": {
          "uv": [
            0,
            7.5,
            0.75,
            8.75
          ],
          "texture": "#0"
        },
        "east": {
          "uv": [
            5,
            2.5,
            6.25,
            3.75
          ],
          "texture": "#0"
        },
        "south": {
          "uv": [
            3,
            7.5,
            3.75,
            8.75
          ],
          "texture": "#0"
        },
        "west": {
          "uv": [
            5,
            3.75,
            6.25,
            5
          ],
          "texture": "#0"
        },
        "up": {
          "uv": [
            4.5,
            8.75,
            3.75,
            7.5
          ],
          "texture": "#0"
        },
        "down": {
          "uv": [
            7.75,
            7.5,
            7,
            8.75
          ],
          "texture": "#0"
        }
      }
    },
    {
      "from": [
        7.71,
        -1.29,
        9.31
      ],
      "to": [
        9.89,
        2.19,
        13.49
      ],
      "rotation": {
        "angle": 22.5,
        "axis": "x",
        "origin": [
          7.2,
          -1.8,
          8.8
        ]
      },
      "faces": {
        "north": {
          "uv": [
            7.75,
            4,
            8.5,
            5.25
          ],
          "texture": "#0"
        },
        "east": {
          "uv": [
            5,
            5,
            6.25,
            6.25
          ],
          "texture": "#0"
        },
        "south": {
          "uv": [
            7.75,
            6.25,
            8.5,
            7.5
          ],
          "texture": "#0"
        },
        "west": {
          "uv": [
            5.25,
            0,
            6.5,
            1.25
          ],
          "texture": "#0"
        },
        "up": {
          "uv": [
            8.5,
            8.75,
            7.75,
            7.5
          ],
          "texture": "#0"
        },
        "down": {
          "uv": [
            6.75,
            8,
            6,
            9.25
          ],
          "texture": "#0"
        }
      }
    },
    {
      "from": [
        7.72,
        -4.28,
        5.32
      ],
      "to": [
        9.88,
        2.88,
        9.48
      ],
      "rotation": {
        "angle": 45,
        "axis": "x",
        "origin": [
          7.2,
          -4.8,
          4.8
        ]
      },
      "faces": {
        "north": {
          "uv": [
            3.75,
            5.5,
            4.5,
            7.5
          ],
          "texture": "#0"
        },
        "east": {
          "uv": [
            3,
            1.5,
            4.25,
            3.5
          ],
          "texture": "#0"
        },
        "south": {
          "uv": [
            6.25,
            3.5,
            7,
            5.5
          ],
          "texture": "#0"
        },
        "west": {
          "uv": [
            3,
            3.5,
            4.25,
            5.5
          ],
          "texture": "#0"
        },
        "up": {
          "uv": [
            1.5,
            9.5,
            0.75,
            8.25
          ],
          "texture": "#0"
        },
        "down": {
          "uv": [
            5.25,
            8.25,
            4.5,
            9.5
          ],
          "texture": "#0"
        }
      }
    },
    {
      "from": [
        7.04,
        3.84,
        -3.36
      ],
      "to": [
        10.56,
        6.56,
        4.96
      ],
      "rotation": {
        "angle": 0,
        "axis": "y",
        "origin": [
          7.2,
          4,
          -3.2
        ]
      },
      "faces": {
        "north": {
          "uv": [
            6,
            9.25,
            6.75,
            9.75
          ],
          "texture": "#0"
        },
        "east": {
          "uv": [
            6.5,
            1,
            8.5,
            1.5
          ],
          "texture": "#0"
        },
        "south": {
          "uv": [
            9.25,
            6,
            10,
            6.5
          ],
          "texture": "#0"
        },
        "west": {
          "uv": [
            7,
            3.5,
            9,
            4
          ],
          "texture": "#0"
        },
        "up": {
          "uv": [
            3,
            7.25,
            2.25,
            5.25
          ],
          "texture": "#0"
        },
        "down": {
          "uv": [
            3.75,
            5.5,
            3,
            7.5
          ],
          "texture": "#0"
        }
      }
    },
    {
      "from": [
        7.29,
        4.09,
        -15.11
      ],
      "to": [
        10.31,
        6.31,
        -3.29
      ],
      "rotation": {
        "angle": 0,
        "axis": "y",
        "origin": [
          7.2,
          4,
          -15.2
        ]
      },
      "faces": {
        "north": {
          "uv": [
            9.25,
            7,
            10,
            7.5
          ],
          "texture": "#0"
        },
        "east": {
          "uv": [
            6.25,
            2.5,
            9.25,
            3
          ],
          "texture": "#0"
        },
        "south": {
          "uv": [
            7.5,
            9.25,
            8.25,
            9.75
          ],
          "texture": "#0"
        },
        "west": {
          "uv": [
            6.25,
            3,
            9.25,
            3.5
          ],
          "texture": "#0"
        },
        "up": {
          "uv": [
            5,
            5.5,
            4.25,
            2.5
          ],
          "texture": "#0"
        },
        "down": {
          "uv": [
            0.75,
            4.5,
            0,
            7.5
          ],
          "texture": "#0"
        }
      }
    },
    {
      "from": [
        7.29,
        6.85,
        -8.11
      ],
      "to": [
        10.31,
        8.07,
        -3.29
      ],
      "rotation": {
        "angle": 0,
        "axis": "y",
        "origin": [
          7.2,
          7,
          -8.2
        ]
      },
      "faces": {
        "north": {
          "uv": [
            7,
            5.25,
            7.75,
            5.5
          ],
          "texture": "#0"
        },
        "east": {
          "uv": [
            5.25,
            1.25,
            6.5,
            1.5
          ],
          "texture": "#0"
        },
        "south": {
          "uv": [
            9.25,
            8.5,
            10,
            8.75
          ],
          "texture": "#0"
        },
        "west": {
          "uv": [
            9,
            1,
            10.25,
            1.25
          ],
          "texture": "#0"
        },
        "up": {
          "uv": [
            2.25,
            8.5,
            1.5,
            7.25
          ],
          "texture": "#0"
        },
        "down": {
          "uv": [
            3,
            7.25,
            2.25,
            8.5
          ],
          "texture": "#0"
        }
      }
    },
    {
      "from": [
        7.291,
        5.091,
        -9.269
      ],
      "to": [
        10.309,
        8.289,
        -8.051
      ],
      "rotation": {
        "angle": 22.5,
        "axis": "x",
        "origin": [
          7.2,
          5,
          -9.2
        ]
      },
      "faces": {
        "north": {
          "uv": [
            8.5,
            8.5,
            9.25,
            9.25
          ],
          "texture": "#0"
        },
        "east": {
          "uv": [
            6,
            7,
            6.25,
            7.75
          ],
          "texture": "#0"
        },
        "south": {
          "uv": [
            0,
            8.75,
            0.75,
            9.5
          ],
          "texture": "#0"
        },
        "west": {
          "uv": [
            6.75,
            8,
            7,
            8.75
          ],
          "texture": "#0"
        },
        "up": {
          "uv": [
            9.5,
            9.5,
            8.75,
            9.25
          ],
          "texture": "#0"
        },
        "down": {
          "uv": [
            10,
            8.75,
            9.25,
            9
          ],
          "texture": "#0"
        }
      }
    },
    {
      "from": [
        7.2028,
        5.6028,
        17.6028
      ],
      "to": [
        10.3972,
        7.1972,
        19.1972
      ],
      "rotation": {
        "angle": -22.5,
        "axis": "x",
        "origin": [
          7.2,
          7.2,
          17.6
        ]
      },
      "faces": {
        "north": {
          "uv": [
            9,
            3.5,
            9.75,
            4
          ],
          "texture": "#0"
        },
        "east": {
          "uv": [
            4.5,
            5.5,
            5,
            6
          ],
          "texture": "#0"
        },
        "south": {
          "uv": [
            2,
            9.25,
            2.75,
            9.75
          ],
          "texture": "#0"
        },
        "west": {
          "uv": [
            8.25,
            9.25,
            8.75,
            9.75
          ],
          "texture": "#0"
        },
        "up": {
          "uv": [
            10,
            3,
            9.25,
            2.5
          ],
          "texture": "#0"
        },
        "down": {
          "uv": [
            10,
            3,
            9.25,
            3.5
          ],
          "texture": "#0"
        }
      }
    },
    {
      "from": [
        7.2,
        6.4,
        1.6
      ],
      "to": [
        10.4,
        8,
        19.2
      ],
      "rotation": {
        "angle": 0,
        "axis": "y",
        "origin": [
          7.2,
          6.4,
          1.6
        ]
      },
      "faces": {
        "north": {
          "uv": [
            3.5,
            9.25,
            4.25,
            9.75
          ],
          "texture": "#0"
        },
        "east": {
          "uv": [
            4.25,
            1.5,
            8.75,
            2
          ],
          "texture": "#0"
        },
        "south": {
          "uv": [
            5.25,
            9.25,
            6,
            9.75
          ],
          "texture": "#0"
        },
        "west": {
          "uv": [
            4.25,
            2,
            8.75,
            2.5
          ],
          "texture": "#0"
        },
        "up": {
          "uv": [
            0.75,
            4.5,
            0,
            0
          ],
          "texture": "#0"
        },
        "down": {
          "uv": [
            1.5,
            0,
            0.75,
            4.5
          ],
          "texture": "#0"
        }
      }
    },
    {
      "from": [
        7.08,
        6.28,
        -3.32
      ],
      "to": [
        10.52,
        8.12,
        1.72
      ],
      "rotation": {
        "angle": 0,
        "axis": "y",
        "origin": [
          7.2,
          6.4,
          -3.2
        ]
      },
      "faces": {
        "north": {
          "uv": [
            9.25,
            6.5,
            10,
            7
          ],
          "texture": "#0"
        },
        "east": {
          "uv": [
            8.5,
            4,
            9.75,
            4.5
          ],
          "texture": "#0"
        },
        "south": {
          "uv": [
            6.75,
            9.25,
            7.5,
            9.75
          ],
          "texture": "#0"
        },
        "west": {
          "uv": [
            8.5,
            4.5,
            9.75,
            5
          ],
          "texture": "#0"
        },
        "up": {
          "uv": [
            6,
            8.25,
            5.25,
            7
          ],
          "texture": "#0"
        },
        "down": {
          "uv": [
            7.75,
            6.25,
            7,
            7.5
          ],
          "texture": "#0"
        }
      }
    }
  ],
  "display": {
    "thirdperson_righthand": {
      "translation": [
        -0.5,
        2.25,
        -5.25
      ],
      "scale": [
        0.5,
        0.6,
        0.6
      ]
    },
    "thirdperson_lefthand": {
      "translation": [
        0.5,
        2.25,
        -5.25
      ],
      "scale": [
        0.5,
        0.6,
        0.6
      ]
    },
    "firstperson_righthand": {
      "translation": [
        0,
        5.75,
        0
      ]
    },
    "firstperson_lefthand": {
      "translation": [
        0,
        5.75,
        0
      ]
    },
    "ground": {
      "translation": [
        0,
        6.5,
        0
      ],
      "scale": [
        0.5,
        0.6,
        0.6
      ]
    },
    "gui": {
      "rotation": [
        90,
        -51.5,
        90
      ],
      "translation": [
        -0.5,
        1.75,
        0
      ],
      "scale": [
        0.4,
        0.5,
        0.5
      ]
    },
    "head": {
      "rotation": [
        0,
        85.25,
        0
      ],
      "translation": [
        0,
        0,
        -4.75
      ]
    },
    "fixed": {
      "rotation": [
        90,
        58.25,
        -90
      ]
    }
  }
}