{
  "format_version": "1.9.0",
  "credit": "Made with Blockbench",
  "parent": "baseballbat",
  "texture_size": [
    32,
    32
  ],
  "elements": [
    {
      "from": [
        7,
        -3,
        7
      ],
      "to": [
        9,
        7,
        9
      ],
      "rotation": {
        "angle": 0,
        "axis": "y",
        "origin": [
          7,
          -3,
          7
        ]
      },
      "faces": {
        "north": {
          "uv": [
            4,
            0,
            5,
            5
          ],
          "texture": "#0"
        },
        "east": {
          "uv": [
            5,
            0,
            6,
            5
          ],
          "texture": "#0"
        },
        "south": {
          "uv": [
            4,
            5,
            5,
            10
          ],
          "texture": "#0"
        },
        "west": {
          "uv": [
            5,
            5,
            6,
            10
          ],
          "texture": "#0"
        },
        "up": {
          "uv": [
            7,
            1,
            6,
            0
          ],
          "texture": "#0"
        },
        "down": {
          "uv": [
            7,
            1,
            6,
            2
          ],
          "texture": "#0"
        }
      }
    },
    {
      "from": [
        6.7,
        6.7,
        6.7
      ],
      "to": [
        9.3,
        31.3,
        9.3
      ],
      "rotation": {
        "angle": 0,
        "axis": "y",
        "origin": [
          7,
          7,
          7
        ]
      },
      "faces": {
        "north": {
          "uv": [
            0,
            0,
            1,
            12
          ],
          "texture": "#0"
        },
        "east": {
          "uv": [
            1,
            0,
            2,
            12
          ],
          "texture": "#0"
        },
        "south": {
          "uv": [
            2,
            0,
            3,
            12
          ],
          "texture": "#0"
        },
        "west": {
          "uv": [
            3,
            0,
            4,
            12
          ],
          "texture": "#0"
        },
        "up": {
          "uv": [
            7,
            3,
            6,
            2
          ],
          "texture": "#0"
        },
        "down": {
          "uv": [
            7,
            3,
            6,
            4
          ],
          "texture": "#0"
        }
      }
    }
  ],
  "display": {
    "thirdperson_righthand": {
      "translation": [
        0,
        2,
        1.25
      ]
    },
    "thirdperson_lefthand": {
      "translation": [
        0,
        2,
        1.25
      ]
    },
    "firstperson_righthand": {
      "translation": [
        0,
        0.75,
        0
      ],
      "scale": [
        0.7,
        0.7,
        0.7
      ]
    },
    "firstperson_lefthand": {
      "translation": [
        0,
        0.75,
        0
      ],
      "scale": [
        0.7,
        0.7,
        0.7
      ]
    },
    "gui": {
      "rotation": [
        0,
        0,
        -44
      ],
      "translation": [
        -3,
        -3.25,
        0
      ],
      "scale": [
        0.7,
        0.7,
        4
      ]
    }
  }
}