{
  "format_version": "1.9.0",
  "credit": "Made with Blockbench",
  "parent": "bulletcase",
  "elements": [
    {
      "from": [
        7,
        0,
        6
      ],
      "to": [
        9,
        7,
        8
      ],
      "rotation": {
        "angle": 0,
        "axis": "y",
        "origin": [
          7,
          0,
          6
        ]
      },
      "faces": {
        "north": {
          "uv": [
            0,
            0,
            2,
            7
          ],
          "texture": "#0"
        },
        "east": {
          "uv": [
            2,
            0,
            4,
            7
          ],
          "texture": "#0"
        },
        "south": {
          "uv": [
            4,
            0,
            6,
            7
          ],
          "texture": "#0"
        },
        "west": {
          "uv": [
            6,
            0,
            8,
            7
          ],
          "texture": "#0"
        },
        "up": {
          "uv": [
            2,
            9,
            0,
            7
          ],
          "texture": "#0"
        },
        "down": {
          "uv": [
            4,
            7,
            2,
            9
          ],
          "texture": "#0"
        }
      }
    }
  ],
  "display": {
    "thirdperson_righthand": {
      "translation": [
        0,
        4,
        2.25
      ]
    },
    "thirdperson_lefthand": {
      "translation": [
        0,
        4,
        2.5
      ]
    },
    "firstperson_righthand": {
      "translation": [
        5.25,
        4,
        0
      ]
    },
    "firstperson_lefthand": {
      "translation": [
        5.25,
        4,
        0
      ]
    },
    "ground": {
      "translation": [
        0,
        3.5,
        0
      ],
      "scale": [
        0.7,
        0.7,
        0.7
      ]
    },
    "gui": {
      "rotation": [
        0,
        15,
        0
      ],
      "translation": [
        0,
        10,
        0
      ],
      "scale": [
        2.2,
        2.2,
        2.2
      ]
    },
    "head": {
      "translation": [
        0,
        0.25,
        -6
      ]
    },
    "fixed": {
      "rotation": [
        0,
        0,
        31.5
      ],
      "translation": [
        -3.75,
        9.25,
        0.5
      ],
      "scale": [
        2,
        2,
        2
      ]
    }
  }
}