{
  "format_version": "1.9.0",
  "credit": "Made with Blockbench",
  "parent": "czscorpion",
  "texture_size": [
    32,
    32
  ],
  "elements": [
    {
      "from": [
        2.999,
        -0.001,
        7.999
      ],
      "to": [
        4.501,
        4.701,
        9.001
      ],
      "rotation": {
        "angle": -22.5,
        "axis": "z",
        "origin": [
          3,
          0,
          8
        ]
      },
      "faces": {
        "north": {
          "uv": [
            4,
            0,
            5,
            2.5
          ],
          "texture": "#0"
        },
        "east": {
          "uv": [
            4.5,
            7,
            5,
            9.5
          ],
          "texture": "#0"
        },
        "south": {
          "uv": [
            4,
            2.5,
            5,
            5
          ],
          "texture": "#0"
        },
        "west": {
          "uv": [
            6,
            7,
            6.5,
            9.5
          ],
          "texture": "#0"
        },
        "up": {
          "uv": [
            6,
            5,
            5,
            4.5
          ],
          "texture": "#0"
        },
        "down": {
          "uv": [
            9.5,
            4,
            8.5,
            4.5
          ],
          "texture": "#0"
        }
      }
    },
    {
      "from": [
        3.5,
        3,
        7.5
      ],
      "to": [
        11,
        5.5,
        9.5
      ],
      "rotation": {
        "angle": 0,
        "axis": "y",
        "origin": [
          4,
          3,
          7
        ]
      },
      "faces": {
        "north": {
          "uv": [
            0,
            0,
            4,
            1.5
          ],
          "texture": "#0"
        },
        "east": {
          "uv": [
            6,
            4.5,
            7,
            6
          ],
          "texture": "#0"
        },
        "south": {
          "uv": [
            0,
            1.5,
            4,
            3
          ],
          "texture": "#0"
        },
        "west": {
          "uv": [
            5,
            6,
            6,
            7.5
          ],
          "texture": "#0"
        },
        "up": {
          "uv": [
            4,
            4,
            0,
            3
          ],
          "texture": "#0"
        },
        "down": {
          "uv": [
            4,
            4,
            0,
            5
          ],
          "texture": "#0"
        }
      }
    },
    {
      "from": [
        8.999,
        2.799,
        7.499
      ],
      "to": [
        13.001,
        4.801,
        9.501
      ],
      "rotation": {
        "angle": 0,
        "axis": "y",
        "origin": [
          9,
          3,
          8
        ]
      },
      "faces": {
        "north": {
          "uv": [
            6,
            0,
            8,
            1
          ],
          "texture": "#0"
        },
        "east": {
          "uv": [
            0,
            7.5,
            1,
            8.5
          ],
          "texture": "#0"
        },
        "south": {
          "uv": [
            1,
            6,
            3,
            7
          ],
          "texture": "#0"
        },
        "west": {
          "uv": [
            7.5,
            2.5,
            8.5,
            3.5
          ],
          "texture": "#0"
        },
        "up": {
          "uv": [
            8,
            2,
            6,
            1
          ],
          "texture": "#0"
        },
        "down": {
          "uv": [
            5,
            6,
            3,
            7
          ],
          "texture": "#0"
        }
      }
    },
    {
      "from": [
        13,
        3.5,
        8
      ],
      "to": [
        14,
        4,
        9
      ],
      "rotation": {
        "angle": 0,
        "axis": "y",
        "origin": [
          13,
          3,
          8
        ]
      },
      "faces": {
        "north": {
          "uv": [
            2,
            8,
            2.5,
            8.5
          ],
          "texture": "#0"
        },
        "east": {
          "uv": [
            1.5,
            9,
            2,
            9.5
          ],
          "texture": "#0"
        },
        "south": {
          "uv": [
            2.5,
            10,
            3,
            10.5
          ],
          "texture": "#0"
        },
        "west": {
          "uv": [
            3,
            10,
            3.5,
            10.5
          ],
          "texture": "#0"
        },
        "up": {
          "uv": [
            10.5,
            3.5,
            10,
            3
          ],
          "texture": "#0"
        },
        "down": {
          "uv": [
            10.5,
            3.5,
            10,
            4
          ],
          "texture": "#0"
        }
      }
    },
    {
      "from": [
        8.699,
        -2.001,
        7.999
      ],
      "to": [
        10.201,
        2.501,
        9.001
      ],
      "rotation": {
        "angle": 22.5,
        "axis": "z",
        "origin": [
          8,
          -1,
          8
        ]
      },
      "faces": {
        "north": {
          "uv": [
            0,
            5,
            1,
            7.5
          ],
          "texture": "#0"
        },
        "east": {
          "uv": [
            6.5,
            7,
            7,
            9.5
          ],
          "texture": "#0"
        },
        "south": {
          "uv": [
            5,
            0,
            6,
            2.5
          ],
          "texture": "#0"
        },
        "west": {
          "uv": [
            7,
            7,
            7.5,
            9.5
          ],
          "texture": "#0"
        },
        "up": {
          "uv": [
            9.5,
            6.5,
            8.5,
            6
          ],
          "texture": "#0"
        },
        "down": {
          "uv": [
            9.5,
            6.5,
            8.5,
            7
          ],
          "texture": "#0"
        }
      }
    },
    {
      "from": [
        7.3,
        2,
        7.5
      ],
      "to": [
        9.3,
        3,
        9.5
      ],
      "rotation": {
        "angle": 0,
        "axis": "y",
        "origin": [
          7,
          2,
          7
        ]
      },
      "faces": {
        "north": {
          "uv": [
            8.5,
            7,
            9.5,
            7.5
          ],
          "texture": "#0"
        },
        "east": {
          "uv": [
            8.5,
            7.5,
            9.5,
            8
          ],
          "texture": "#0"
        },
        "south": {
          "uv": [
            8.5,
            8,
            9.5,
            8.5
          ],
          "texture": "#0"
        },
        "west": {
          "uv": [
            8.5,
            8.5,
            9.5,
            9
          ],
          "texture": "#0"
        },
        "up": {
          "uv": [
            8.5,
            4.5,
            7.5,
            3.5
          ],
          "texture": "#0"
        },
        "down": {
          "uv": [
            6,
            7.5,
            5,
            8.5
          ],
          "texture": "#0"
        }
      }
    },
    {
      "from": [
        7.001,
        1.001,
        7.501
      ],
      "to": [
        7.999,
        1.499,
        9.499
      ],
      "rotation": {
        "angle": 45,
        "axis": "z",
        "origin": [
          7,
          1,
          8
        ]
      },
      "faces": {
        "north": {
          "uv": [
            4,
            10,
            4.5,
            10.5
          ],
          "texture": "#0"
        },
        "east": {
          "uv": [
            9,
            0,
            10,
            0.5
          ],
          "texture": "#0"
        },
        "south": {
          "uv": [
            5,
            10,
            5.5,
            10.5
          ],
          "texture": "#0"
        },
        "west": {
          "uv": [
            9,
            0.5,
            10,
            1
          ],
          "texture": "#0"
        },
        "up": {
          "uv": [
            6,
            9.5,
            5.5,
            8.5
          ],
          "texture": "#0"
        },
        "down": {
          "uv": [
            1.5,
            9,
            1,
            10
          ],
          "texture": "#0"
        }
      }
    },
    {
      "from": [
        4.999,
        1.499,
        7.499
      ],
      "to": [
        7.001,
        2.001,
        9.501
      ],
      "rotation": {
        "angle": -22.5,
        "axis": "z",
        "origin": [
          6,
          1,
          8
        ]
      },
      "faces": {
        "north": {
          "uv": [
            9,
            1,
            10,
            1.5
          ],
          "texture": "#0"
        },
        "east": {
          "uv": [
            9,
            1.5,
            10,
            2
          ],
          "texture": "#0"
        },
        "south": {
          "uv": [
            7.5,
            9,
            8.5,
            9.5
          ],
          "texture": "#0"
        },
        "west": {
          "uv": [
            8.5,
            9,
            9.5,
            9.5
          ],
          "texture": "#0"
        },
        "up": {
          "uv": [
            8.5,
            7,
            7.5,
            6
          ],
          "texture": "#0"
        },
        "down": {
          "uv": [
            8.5,
            7,
            7.5,
            8
          ],
          "texture": "#0"
        }
      }
    },
    {
      "from": [
        10.801,
        5.001,
        7.501
      ],
      "to": [
        12.699,
        5.499,
        9.499
      ],
      "rotation": {
        "angle": -22.5,
        "axis": "z",
        "origin": [
          11,
          5,
          7
        ]
      },
      "faces": {
        "north": {
          "uv": [
            0,
            9.5,
            1,
            10
          ],
          "texture": "#0"
        },
        "east": {
          "uv": [
            1.5,
            9.5,
            2.5,
            10
          ],
          "texture": "#0"
        },
        "south": {
          "uv": [
            9.5,
            2,
            10.5,
            2.5
          ],
          "texture": "#0"
        },
        "west": {
          "uv": [
            2.5,
            9.5,
            3.5,
            10
          ],
          "texture": "#0"
        },
        "up": {
          "uv": [
            9,
            1,
            8,
            0
          ],
          "texture": "#0"
        },
        "down": {
          "uv": [
            2,
            8,
            1,
            9
          ],
          "texture": "#0"
        }
      }
    },
    {
      "from": [
        1.999,
        2.999,
        7.499
      ],
      "to": [
        4.001,
        4.001,
        9.501
      ],
      "rotation": {
        "angle": 0,
        "axis": "y",
        "origin": [
          2,
          3,
          8
        ]
      },
      "faces": {
        "north": {
          "uv": [
            9.5,
            2.5,
            10.5,
            3
          ],
          "texture": "#0"
        },
        "east": {
          "uv": [
            9.5,
            4,
            10.5,
            4.5
          ],
          "texture": "#0"
        },
        "south": {
          "uv": [
            9.5,
            4.5,
            10.5,
            5
          ],
          "texture": "#0"
        },
        "west": {
          "uv": [
            9.5,
            5,
            10.5,
            5.5
          ],
          "texture": "#0"
        },
        "up": {
          "uv": [
            9,
            2,
            8,
            1
          ],
          "texture": "#0"
        },
        "down": {
          "uv": [
            8.5,
            8,
            7.5,
            9
          ],
          "texture": "#0"
        }
      }
    },
    {
      "from": [
        1.999,
        3.999,
        7.499
      ],
      "to": [
        4.001,
        4.501,
        9.501
      ],
      "rotation": {
        "angle": 0,
        "axis": "y",
        "origin": [
          2,
          4,
          8
        ]
      },
      "faces": {
        "north": {
          "uv": [
            5.5,
            9.5,
            6.5,
            10
          ],
          "texture": "#0"
        },
        "east": {
          "uv": [
            9.5,
            5.5,
            10.5,
            6
          ],
          "texture": "#0"
        },
        "south": {
          "uv": [
            9.5,
            6,
            10.5,
            6.5
          ],
          "texture": "#0"
        },
        "west": {
          "uv": [
            6.5,
            9.5,
            7.5,
            10
          ],
          "texture": "#0"
        },
        "up": {
          "uv": [
            1,
            9.5,
            0,
            8.5
          ],
          "texture": "#0"
        },
        "down": {
          "uv": [
            3,
            8.5,
            2,
            9.5
          ],
          "texture": "#0"
        }
      }
    },
    {
      "from": [
        1,
        4.5,
        7.5
      ],
      "to": [
        4,
        5,
        9.5
      ],
      "rotation": {
        "angle": 22.5,
        "axis": "z",
        "origin": [
          2,
          4,
          7
        ]
      },
      "faces": {
        "north": {
          "uv": [
            8.5,
            3,
            10,
            3.5
          ],
          "texture": "#0"
        },
        "east": {
          "uv": [
            9.5,
            6.5,
            10.5,
            7
          ],
          "texture": "#0"
        },
        "south": {
          "uv": [
            8.5,
            3.5,
            10,
            4
          ],
          "texture": "#0"
        },
        "west": {
          "uv": [
            9.5,
            7,
            10.5,
            7.5
          ],
          "texture": "#0"
        },
        "up": {
          "uv": [
            7.5,
            7,
            6,
            6
          ],
          "texture": "#0"
        },
        "down": {
          "uv": [
            2.5,
            7,
            1,
            8
          ],
          "texture": "#0"
        }
      }
    },
    {
      "from": [
        3,
        4.5,
        8
      ],
      "to": [
        3.5,
        5,
        9
      ],
      "rotation": {
        "angle": 0,
        "axis": "y",
        "origin": [
          3,
          5,
          7
        ]
      },
      "faces": {
        "north": {
          "uv": [
            5.5,
            10,
            6,
            10.5
          ],
          "texture": "#0"
        },
        "east": {
          "uv": [
            6,
            10,
            6.5,
            10.5
          ],
          "texture": "#0"
        },
        "south": {
          "uv": [
            6.5,
            10,
            7,
            10.5
          ],
          "texture": "#0"
        },
        "west": {
          "uv": [
            7,
            10,
            7.5,
            10.5
          ],
          "texture": "#0"
        },
        "up": {
          "uv": [
            10.5,
            8,
            10,
            7.5
          ],
          "texture": "#0"
        },
        "down": {
          "uv": [
            8.5,
            10,
            8,
            10.5
          ],
          "texture": "#0"
        }
      }
    },
    {
      "from": [
        2.5,
        4.5,
        8
      ],
      "to": [
        3,
        5,
        9
      ],
      "rotation": {
        "angle": 0,
        "axis": "y",
        "origin": [
          2,
          5,
          7
        ]
      },
      "faces": {
        "north": {
          "uv": [
            10,
            8,
            10.5,
            8.5
          ],
          "texture": "#0"
        },
        "east": {
          "uv": [
            8.5,
            10,
            9,
            10.5
          ],
          "texture": "#0"
        },
        "south": {
          "uv": [
            9,
            10,
            9.5,
            10.5
          ],
          "texture": "#0"
        },
        "west": {
          "uv": [
            9.5,
            10,
            10,
            10.5
          ],
          "texture": "#0"
        },
        "up": {
          "uv": [
            10.5,
            10,
            10,
            9.5
          ],
          "texture": "#0"
        },
        "down": {
          "uv": [
            10.5,
            10,
            10,
            10.5
          ],
          "texture": "#0"
        }
      }
    },
    {
      "from": [
        2,
        4.5,
        8
      ],
      "to": [
        2.5,
        5,
        9
      ],
      "rotation": {
        "angle": 0,
        "axis": "y",
        "origin": [
          2,
          5,
          7
        ]
      },
      "faces": {
        "north": {
          "uv": [
            0,
            10.5,
            0.5,
            11
          ],
          "texture": "#0"
        },
        "east": {
          "uv": [
            0.5,
            10.5,
            1,
            11
          ],
          "texture": "#0"
        },
        "south": {
          "uv": [
            1,
            10.5,
            1.5,
            11
          ],
          "texture": "#0"
        },
        "west": {
          "uv": [
            10.5,
            1,
            11,
            1.5
          ],
          "texture": "#0"
        },
        "up": {
          "uv": [
            2,
            11,
            1.5,
            10.5
          ],
          "texture": "#0"
        },
        "down": {
          "uv": [
            11,
            1.5,
            10.5,
            2
          ],
          "texture": "#0"
        }
      }
    },
    {
      "from": [
        6,
        2.5,
        8.5
      ],
      "to": [
        6.5,
        4.2,
        8.7
      ],
      "rotation": {
        "angle": 22.5,
        "axis": "z",
        "origin": [
          6,
          2,
          9
        ]
      },
      "faces": {
        "north": {
          "uv": [
            3.5,
            9.5,
            4,
            10.5
          ],
          "texture": "#0"
        },
        "east": {
          "uv": [
            4.5,
            9.5,
            5,
            10.5
          ],
          "texture": "#0"
        },
        "south": {
          "uv": [
            7.5,
            9.5,
            8,
            10.5
          ],
          "texture": "#0"
        },
        "west": {
          "uv": [
            9.5,
            7.5,
            10,
            8.5
          ],
          "texture": "#0"
        },
        "up": {
          "uv": [
            11,
            2.5,
            10.5,
            2
          ],
          "texture": "#0"
        },
        "down": {
          "uv": [
            3,
            10.5,
            2.5,
            11
          ],
          "texture": "#0"
        }
      }
    },
    {
      "from": [
        0.7,
        3,
        7.5
      ],
      "to": [
        2.7,
        4.3,
        9.5
      ],
      "rotation": {
        "angle": 0,
        "axis": "y",
        "origin": [
          -1,
          3,
          8
        ]
      },
      "faces": {
        "north": {
          "uv": [
            8,
            9.5,
            9,
            10
          ],
          "texture": "#0"
        },
        "east": {
          "uv": [
            9.5,
            8.5,
            10.5,
            9
          ],
          "texture": "#0"
        },
        "south": {
          "uv": [
            9,
            9.5,
            10,
            10
          ],
          "texture": "#0"
        },
        "west": {
          "uv": [
            9.5,
            9,
            10.5,
            9.5
          ],
          "texture": "#0"
        },
        "up": {
          "uv": [
            9.5,
            3,
            8.5,
            2
          ],
          "texture": "#0"
        },
        "down": {
          "uv": [
            4,
            8.5,
            3,
            9.5
          ],
          "texture": "#0"
        }
      }
    },
    {
      "from": [
        -3.501,
        2.999,
        7.499
      ],
      "to": [
        1.001,
        4.001,
        9.501
      ],
      "rotation": {
        "angle": 0,
        "axis": "y",
        "origin": [
          -2,
          3,
          6
        ]
      },
      "faces": {
        "north": {
          "uv": [
            6,
            2,
            8.5,
            2.5
          ],
          "texture": "#0"
        },
        "east": {
          "uv": [
            0,
            10,
            1,
            10.5
          ],
          "texture": "#0"
        },
        "south": {
          "uv": [
            7,
            4.5,
            9.5,
            5
          ],
          "texture": "#0"
        },
        "west": {
          "uv": [
            10,
            0,
            11,
            0.5
          ],
          "texture": "#0"
        },
        "up": {
          "uv": [
            3.5,
            6,
            1,
            5
          ],
          "texture": "#0"
        },
        "down": {
          "uv": [
            7.5,
            2.5,
            5,
            3.5
          ],
          "texture": "#0"
        }
      }
    },
    {
      "from": [
        -3.501,
        3.999,
        7.499
      ],
      "to": [
        1.501,
        4.301,
        9.501
      ],
      "rotation": {
        "angle": 0,
        "axis": "y",
        "origin": [
          -1,
          5,
          8
        ]
      },
      "faces": {
        "north": {
          "uv": [
            7,
            5,
            9.5,
            5.5
          ],
          "texture": "#0"
        },
        "east": {
          "uv": [
            10,
            0.5,
            11,
            1
          ],
          "texture": "#0"
        },
        "south": {
          "uv": [
            7,
            5.5,
            9.5,
            6
          ],
          "texture": "#0"
        },
        "west": {
          "uv": [
            1,
            10,
            2,
            10.5
          ],
          "texture": "#0"
        },
        "up": {
          "uv": [
            6,
            6,
            3.5,
            5
          ],
          "texture": "#0"
        },
        "down": {
          "uv": [
            7.5,
            3.5,
            5,
            4.5
          ],
          "texture": "#0"
        }
      }
    },
    {
      "from": [
        -4,
        1.3,
        7.75
      ],
      "to": [
        -3,
        4.3,
        9.25
      ],
      "rotation": {
        "angle": 0,
        "axis": "y",
        "origin": [
          -4,
          2,
          8
        ]
      },
      "faces": {
        "north": {
          "uv": [
            4,
            8.5,
            4.5,
            10
          ],
          "texture": "#0"
        },
        "east": {
          "uv": [
            2.5,
            7,
            3.5,
            8.5
          ],
          "texture": "#0"
        },
        "south": {
          "uv": [
            5,
            8.5,
            5.5,
            10
          ],
          "texture": "#0"
        },
        "west": {
          "uv": [
            3.5,
            7,
            4.5,
            8.5
          ],
          "texture": "#0"
        },
        "up": {
          "uv": [
            10.5,
            2,
            10,
            1
          ],
          "texture": "#0"
        },
        "down": {
          "uv": [
            2.5,
            10,
            2,
            11
          ],
          "texture": "#0"
        }
      }
    }
  ],
  "display": {
    "thirdperson_righthand": {
      "rotation": [
        1,
        89,
        4
      ],
      "translation": [
        -0.5,
        4.25,
        -2.25
      ],
      "scale": [
        0.85,
        0.8,
        0.8
      ]
    },
    "thirdperson_lefthand": {
      "rotation": [
        1,
        -89,
        4
      ],
      "translation": [
        0.5,
        4.25,
        -2.25
      ],
      "scale": [
        0.85,
        0.8,
        0.8
      ]
    },
    "firstperson_righthand": {
      "rotation": [
        -4,
        87,
        -3
      ],
      "translation": [
        1.25,
        8.5,
        1.25
      ],
      "scale": [
        0.99,
        1.13,
        1.45
      ]
    },
    "firstperson_lefthand": {
      "rotation": [
        4,
        -87,
        3
      ],
      "translation": [
        1.25,
        8.75,
        1.25
      ],
      "scale": [
        0.99,
        1.13,
        1.45
      ]
    },
    "ground": {
      "translation": [
        0,
        5.5,
        0
      ],
      "scale": [
        1.14,
        1.14,
        1.16
      ]
    },
    "gui": {
      "rotation": [
        0,
        0,
        31
      ],
      "translation": [
        0.25,
        5.25,
        0
      ]
    },
    "fixed": {
      "rotation": [
        0,
        0,
        -42
      ],
      "translation": [
        5.75,
        2,
        -1.25
      ]
    }
  }
}