{
  "format_version": "1.9.0",
  "credit": "Made with Blockbench",
  "parent": "deagle",
  "texture_size": [
    256,
    256
  ],
  "elements": [
    {
      "from": [
        6.001,
        0.001,
        18.001
      ],
      "to": [
        9.999,
        5.999,
        20.399
      ],
      "rotation": {
        "angle": -22.5,
        "axis": "x",
        "origin": [
          7,
          0,
          18
        ]
      },
      "faces": {
        "north": {
          "uv": [
            0,
            0.5625,
            0.25,
            0.9375
          ],
          "texture": "#0"
        },
        "east": {
          "uv": [
            0.375,
            1.125,
            0.5,
            1.5
          ],
          "texture": "#0"
        },
        "south": {
          "uv": [
            0.25,
            0.5625,
            0.5,
            0.9375
          ],
          "texture": "#0"
        },
        "west": {
          "uv": [
            0.5,
            1.125,
            0.625,
            1.5
          ],
          "texture": "#0"
        },
        "up": {
          "uv": [
            1.625,
            1.375,
            1.375,
            1.25
          ],
          "texture": "#0"
        },
        "down": {
          "uv": [
            1.625,
            1.375,
            1.375,
            1.5
          ],
          "texture": "#0"
        }
      }
    },
    {
      "from": [
        6,
        5,
        12
      ],
      "to": [
        10,
        8,
        20
      ],
      "rotation": {
        "angle": 0,
        "axis": "y",
        "origin": [
          6,
          5,
          12
        ]
      },
      "faces": {
        "north": {
          "uv": [
            1.25,
            0,
            1.5,
            0.1875
          ],
          "texture": "#0"
        },
        "east": {
          "uv": [
            0.75,
            0,
            1.25,
            0.1875
          ],
          "texture": "#0"
        },
        "south": {
          "uv": [
            1.25,
            0.1875,
            1.5,
            0.375
          ],
          "texture": "#0"
        },
        "west": {
          "uv": [
            0.75,
            0.1875,
            1.25,
            0.375
          ],
          "texture": "#0"
        },
        "up": {
          "uv": [
            0.75,
            0.5,
            0.5,
            0
          ],
          "texture": "#0"
        },
        "down": {
          "uv": [
            0.75,
            0.5,
            0.5,
            1
          ],
          "texture": "#0"
        }
      }
    },
    {
      "from": [
        6.0002,
        4.9002,
        19.0002
      ],
      "to": [
        9.9998,
        7.4998,
        20.9998
      ],
      "rotation": {
        "angle": -22.5,
        "axis": "x",
        "origin": [
          6,
          6,
          19
        ]
      },
      "faces": {
        "north": {
          "uv": [
            1.125,
            1.25,
            1.375,
            1.4375
          ],
          "texture": "#0"
        },
        "east": {
          "uv": [
            1.625,
            1.5,
            1.75,
            1.6875
          ],
          "texture": "#0"
        },
        "south": {
          "uv": [
            0.625,
            1.3125,
            0.875,
            1.5
          ],
          "texture": "#0"
        },
        "west": {
          "uv": [
            1.6875,
            0.375,
            1.8125,
            0.5625
          ],
          "texture": "#0"
        },
        "up": {
          "uv": [
            1.6875,
            0.5,
            1.4375,
            0.375
          ],
          "texture": "#0"
        },
        "down": {
          "uv": [
            1.6875,
            0.5,
            1.4375,
            0.625
          ],
          "texture": "#0"
        }
      }
    },
    {
      "from": [
        6.003,
        4.003,
        19.003
      ],
      "to": [
        9.997,
        5.197,
        20.997
      ],
      "rotation": {
        "angle": 22.5,
        "axis": "x",
        "origin": [
          6,
          4,
          22
        ]
      },
      "faces": {
        "north": {
          "uv": [
            0,
            0.9375,
            0.25,
            1
          ],
          "texture": "#0"
        },
        "east": {
          "uv": [
            1.875,
            0.3125,
            2,
            0.375
          ],
          "texture": "#0"
        },
        "south": {
          "uv": [
            0.25,
            0.9375,
            0.5,
            1
          ],
          "texture": "#0"
        },
        "west": {
          "uv": [
            0.375,
            1.875,
            0.5,
            1.9375
          ],
          "texture": "#0"
        },
        "up": {
          "uv": [
            1.125,
            1.5625,
            0.875,
            1.4375
          ],
          "texture": "#0"
        },
        "down": {
          "uv": [
            1.375,
            1.4375,
            1.125,
            1.5625
          ],
          "texture": "#0"
        }
      }
    },
    {
      "from": [
        6.04,
        2.64,
        18.04
      ],
      "to": [
        9.96,
        4.36,
        18.96
      ],
      "rotation": {
        "angle": 22.5,
        "axis": "x",
        "origin": [
          6,
          2,
          21
        ]
      },
      "faces": {
        "north": {
          "uv": [
            1.5,
            0.25,
            1.75,
            0.375
          ],
          "texture": "#0"
        },
        "east": {
          "uv": [
            0.5,
            1.875,
            0.5625,
            2
          ],
          "texture": "#0"
        },
        "south": {
          "uv": [
            0.375,
            1.5,
            0.625,
            1.625
          ],
          "texture": "#0"
        },
        "west": {
          "uv": [
            1.875,
            0.5,
            1.9375,
            0.625
          ],
          "texture": "#0"
        },
        "up": {
          "uv": [
            2,
            0.0625,
            1.75,
            0
          ],
          "texture": "#0"
        },
        "down": {
          "uv": [
            2,
            0.0625,
            1.75,
            0.125
          ],
          "texture": "#0"
        }
      }
    },
    {
      "from": [
        6.003,
        3.003,
        19.003
      ],
      "to": [
        9.997,
        4.997,
        19.997
      ],
      "rotation": {
        "angle": -22.5,
        "axis": "x",
        "origin": [
          6,
          3,
          19
        ]
      },
      "faces": {
        "north": {
          "uv": [
            1.5,
            0,
            1.75,
            0.125
          ],
          "texture": "#0"
        },
        "east": {
          "uv": [
            0.6875,
            1,
            0.75,
            1.125
          ],
          "texture": "#0"
        },
        "south": {
          "uv": [
            1.5,
            0.125,
            1.75,
            0.25
          ],
          "texture": "#0"
        },
        "west": {
          "uv": [
            1.5625,
            1.8125,
            1.625,
            1.9375
          ],
          "texture": "#0"
        },
        "up": {
          "uv": [
            1.9375,
            1.25,
            1.6875,
            1.1875
          ],
          "texture": "#0"
        },
        "down": {
          "uv": [
            1.875,
            1.6875,
            1.625,
            1.75
          ],
          "texture": "#0"
        }
      }
    },
    {
      "from": [
        6,
        5,
        4
      ],
      "to": [
        10,
        7,
        12
      ],
      "rotation": {
        "angle": 0,
        "axis": "y",
        "origin": [
          6,
          9,
          3
        ]
      },
      "faces": {
        "north": {
          "uv": [
            0.625,
            1.5,
            0.875,
            1.625
          ],
          "texture": "#0"
        },
        "east": {
          "uv": [
            1.125,
            1,
            1.6875,
            1.125
          ],
          "texture": "#0"
        },
        "south": {
          "uv": [
            1.375,
            1.5,
            1.625,
            1.625
          ],
          "texture": "#0"
        },
        "west": {
          "uv": [
            1.125,
            1.125,
            1.6875,
            1.25
          ],
          "texture": "#0"
        },
        "up": {
          "uv": [
            0.25,
            0.5625,
            0,
            0
          ],
          "texture": "#0"
        },
        "down": {
          "uv": [
            0.5,
            0,
            0.25,
            0.5625
          ],
          "texture": "#0"
        }
      }
    },
    {
      "from": [
        7.002,
        6.402,
        2.702
      ],
      "to": [
        8.998,
        7.998,
        13.698
      ],
      "rotation": {
        "angle": 0,
        "axis": "y",
        "origin": [
          7,
          10,
          3
        ]
      },
      "faces": {
        "north": {
          "uv": [
            0.875,
            1.3125,
            1,
            1.4375
          ],
          "texture": "#0"
        },
        "east": {
          "uv": [
            0.75,
            0.375,
            1.4375,
            0.5
          ],
          "texture": "#0"
        },
        "south": {
          "uv": [
            1.75,
            0.125,
            1.875,
            0.25
          ],
          "texture": "#0"
        },
        "west": {
          "uv": [
            0.75,
            0.5,
            1.4375,
            0.625
          ],
          "texture": "#0"
        },
        "up": {
          "uv": [
            0.875,
            1.3125,
            0.75,
            0.625
          ],
          "texture": "#0"
        },
        "down": {
          "uv": [
            1,
            0.625,
            0.875,
            1.3125
          ],
          "texture": "#0"
        }
      }
    },
    {
      "from": [
        5.003,
        5.003,
        2.703
      ],
      "to": [
        6.497,
        6.597,
        13.697
      ],
      "rotation": {
        "angle": 45,
        "axis": "z",
        "origin": [
          5,
          8,
          3
        ]
      },
      "faces": {
        "north": {
          "uv": [
            0.5,
            1.75,
            0.625,
            1.875
          ],
          "texture": "#0"
        },
        "east": {
          "uv": [
            0,
            1,
            0.6875,
            1.125
          ],
          "texture": "#0"
        },
        "south": {
          "uv": [
            0.625,
            1.75,
            0.75,
            1.875
          ],
          "texture": "#0"
        },
        "west": {
          "uv": [
            1,
            0.625,
            1.6875,
            0.75
          ],
          "texture": "#0"
        },
        "up": {
          "uv": [
            1.125,
            1.4375,
            1,
            0.75
          ],
          "texture": "#0"
        },
        "down": {
          "uv": [
            0.125,
            1.125,
            0,
            1.8125
          ],
          "texture": "#0"
        }
      }
    },
    {
      "from": [
        6.0005,
        5.0005,
        4.0005
      ],
      "to": [
        9.9995,
        6.9995,
        5.9995
      ],
      "rotation": {
        "angle": -45,
        "axis": "x",
        "origin": [
          6,
          5,
          4
        ]
      },
      "faces": {
        "north": {
          "uv": [
            0.875,
            1.5625,
            1.125,
            1.6875
          ],
          "texture": "#0"
        },
        "east": {
          "uv": [
            1.75,
            0.25,
            1.875,
            0.375
          ],
          "texture": "#0"
        },
        "south": {
          "uv": [
            1.125,
            1.5625,
            1.375,
            1.6875
          ],
          "texture": "#0"
        },
        "west": {
          "uv": [
            0.375,
            1.75,
            0.5,
            1.875
          ],
          "texture": "#0"
        },
        "up": {
          "uv": [
            0.625,
            1.75,
            0.375,
            1.625
          ],
          "texture": "#0"
        },
        "down": {
          "uv": [
            0.875,
            1.625,
            0.625,
            1.75
          ],
          "texture": "#0"
        }
      }
    },
    {
      "from": [
        9.503,
        5.003,
        2.703
      ],
      "to": [
        10.997,
        6.597,
        12.697
      ],
      "rotation": {
        "angle": -45,
        "axis": "z",
        "origin": [
          11,
          8,
          2
        ]
      },
      "faces": {
        "north": {
          "uv": [
            0.75,
            1.75,
            0.875,
            1.875
          ],
          "texture": "#0"
        },
        "east": {
          "uv": [
            1.125,
            0.75,
            1.8125,
            0.875
          ],
          "texture": "#0"
        },
        "south": {
          "uv": [
            1.75,
            1.25,
            1.875,
            1.375
          ],
          "texture": "#0"
        },
        "west": {
          "uv": [
            1.125,
            0.875,
            1.8125,
            1
          ],
          "texture": "#0"
        },
        "up": {
          "uv": [
            0.25,
            1.8125,
            0.125,
            1.125
          ],
          "texture": "#0"
        },
        "down": {
          "uv": [
            0.375,
            1.125,
            0.25,
            1.8125
          ],
          "texture": "#0"
        }
      }
    },
    {
      "from": [
        7,
        6,
        17
      ],
      "to": [
        9,
        9.4,
        19
      ],
      "rotation": {
        "angle": 22.5,
        "axis": "x",
        "origin": [
          7,
          6,
          17
        ]
      },
      "faces": {
        "north": {
          "uv": [
            1.6875,
            0.5625,
            1.8125,
            0.75
          ],
          "texture": "#0"
        },
        "east": {
          "uv": [
            0.875,
            1.6875,
            1,
            1.875
          ],
          "texture": "#0"
        },
        "south": {
          "uv": [
            1,
            1.6875,
            1.125,
            1.875
          ],
          "texture": "#0"
        },
        "west": {
          "uv": [
            1.6875,
            1,
            1.8125,
            1.1875
          ],
          "texture": "#0"
        },
        "up": {
          "uv": [
            1.875,
            1.5,
            1.75,
            1.375
          ],
          "texture": "#0"
        },
        "down": {
          "uv": [
            1.875,
            1.5,
            1.75,
            1.625
          ],
          "texture": "#0"
        }
      }
    },
    {
      "from": [
        7,
        6.5,
        3
      ],
      "to": [
        9,
        8.5,
        5
      ],
      "rotation": {
        "angle": 22.5,
        "axis": "x",
        "origin": [
          7,
          7,
          3
        ]
      },
      "faces": {
        "north": {
          "uv": [
            1.625,
            1.75,
            1.75,
            1.875
          ],
          "texture": "#0"
        },
        "east": {
          "uv": [
            1.75,
            1.75,
            1.875,
            1.875
          ],
          "texture": "#0"
        },
        "south": {
          "uv": [
            0,
            1.8125,
            0.125,
            1.9375
          ],
          "texture": "#0"
        },
        "west": {
          "uv": [
            0.125,
            1.8125,
            0.25,
            1.9375
          ],
          "texture": "#0"
        },
        "up": {
          "uv": [
            0.375,
            1.9375,
            0.25,
            1.8125
          ],
          "texture": "#0"
        },
        "down": {
          "uv": [
            1.9375,
            0.375,
            1.8125,
            0.5
          ],
          "texture": "#0"
        }
      }
    },
    {
      "from": [
        7,
        3,
        14
      ],
      "to": [
        9,
        3.7,
        17
      ],
      "rotation": {
        "angle": 0,
        "axis": "y",
        "origin": [
          7,
          3,
          14
        ]
      },
      "faces": {
        "north": {
          "uv": [
            0.5625,
            1.875,
            0.6875,
            1.9375
          ],
          "texture": "#0"
        },
        "east": {
          "uv": [
            1.75,
            1.625,
            1.9375,
            1.6875
          ],
          "texture": "#0"
        },
        "south": {
          "uv": [
            1.875,
            0.625,
            2,
            0.6875
          ],
          "texture": "#0"
        },
        "west": {
          "uv": [
            1.875,
            0.125,
            2.0625,
            0.1875
          ],
          "texture": "#0"
        },
        "up": {
          "uv": [
            1.25,
            1.875,
            1.125,
            1.6875
          ],
          "texture": "#0"
        },
        "down": {
          "uv": [
            1.375,
            1.6875,
            1.25,
            1.875
          ],
          "texture": "#0"
        }
      }
    },
    {
      "from": [
        7,
        3,
        13.3
      ],
      "to": [
        9,
        7,
        14
      ],
      "rotation": {
        "angle": 0,
        "axis": "y",
        "origin": [
          7,
          3,
          14
        ]
      },
      "faces": {
        "north": {
          "uv": [
            1.625,
            1.25,
            1.75,
            1.5
          ],
          "texture": "#0"
        },
        "east": {
          "uv": [
            1.8125,
            0.5,
            1.875,
            0.75
          ],
          "texture": "#0"
        },
        "south": {
          "uv": [
            1.375,
            1.625,
            1.5,
            1.875
          ],
          "texture": "#0"
        },
        "west": {
          "uv": [
            1.8125,
            0.75,
            1.875,
            1
          ],
          "texture": "#0"
        },
        "up": {
          "uv": [
            0.8125,
            1.9375,
            0.6875,
            1.875
          ],
          "texture": "#0"
        },
        "down": {
          "uv": [
            2,
            0.6875,
            1.875,
            0.75
          ],
          "texture": "#0"
        }
      }
    },
    {
      "from": [
        7,
        4.2,
        15
      ],
      "to": [
        9,
        6.7,
        15.5
      ],
      "rotation": {
        "angle": 22.5,
        "axis": "x",
        "origin": [
          7,
          4,
          15
        ]
      },
      "faces": {
        "north": {
          "uv": [
            0.625,
            1.125,
            0.75,
            1.3125
          ],
          "texture": "#0"
        },
        "east": {
          "uv": [
            1.8125,
            1,
            1.875,
            1.1875
          ],
          "texture": "#0"
        },
        "south": {
          "uv": [
            1.5,
            1.625,
            1.625,
            1.8125
          ],
          "texture": "#0"
        },
        "west": {
          "uv": [
            1.5,
            1.8125,
            1.5625,
            2
          ],
          "texture": "#0"
        },
        "up": {
          "uv": [
            2,
            0.25,
            1.875,
            0.1875
          ],
          "texture": "#0"
        },
        "down": {
          "uv": [
            2,
            0.25,
            1.875,
            0.3125
          ],
          "texture": "#0"
        }
      }
    }
  ],
  "display": {
    "thirdperson_righthand": {
      "translation": [
        0,
        1.75,
        -3.75
      ],
      "scale": [
        0.5,
        0.5,
        0.5
      ]
    },
    "thirdperson_lefthand": {
      "translation": [
        0,
        1.75,
        -3.75
      ],
      "scale": [
        0.5,
        0.5,
        0.5
      ]
    },
    "firstperson_righthand": {
      "translation": [
        -2.75,
        4.75,
        0
      ],
      "scale": [
        0.5,
        0.5,
        0.5
      ]
    },
    "firstperson_lefthand": {
      "translation": [
        -2.75,
        4.75,
        0
      ],
      "scale": [
        0.5,
        0.5,
        0.5
      ]
    },
    "ground": {
      "translation": [
        0,
        3,
        0
      ],
      "scale": [
        0.5,
        0.5,
        0.5
      ]
    },
    "gui": {
      "rotation": [
        90,
        -45,
        90
      ],
      "translation": [
        1,
        4.75,
        0
      ]
    },
    "head": {
      "rotation": [
        -61,
        0,
        0
      ],
      "translation": [
        -9.5,
        -24.5,
        -12
      ],
      "scale": [
        0.5,
        0.5,
        0.5
      ]
    },
    "fixed": {
      "rotation": [
        94.25,
        49.65,
        -93.25
      ],
      "translation": [
        -1.75,
        5.25,
        0
      ]
    }
  }
}