{
  "format_version": "1.9.0",
  "credit": "Made with Blockbench",
  "parent": "test",
  "texture_size": [
    32,
    32
  ],
  "elements": [
    {
      "from": [
        5.99,
        -0.01,
        13.99
      ],
      "to": [
        10.01,
        6.01,
        16.01
      ],
      "rotation": {
        "angle": -22.5,
        "axis": "x",
        "origin": [
          6,
          0,
          14
        ]
      },
      "faces": {
        "north": {
          "uv": [
            0,
            6,
            2,
            9
          ],
          "texture": "#0"
        },
        "east": {
          "uv": [
            2,
            6,
            3,
            9
          ],
          "texture": "#0"
        },
        "south": {
          "uv": [
            6,
            0,
            8,
            3
          ],
          "texture": "#0"
        },
        "west": {
          "uv": [
            3,
            6,
            4,
            9
          ],
          "texture": "#0"
        },
        "up": {
          "uv": [
            8,
            7,
            6,
            6
          ],
          "texture": "#0"
        },
        "down": {
          "uv": [
            8,
            7,
            6,
            8
          ],
          "texture": "#0"
        }
      }
    },
    {
      "from": [
        6.001,
        0.001,
        14.001
      ],
      "to": [
        9.999,
        0.999,
        15.799
      ],
      "rotation": {
        "angle": 0,
        "axis": "y",
        "origin": [
          6,
          0,
          14
        ]
      },
      "faces": {
        "north": {
          "uv": [
            10,
            0.5,
            12,
            1
          ],
          "texture": "#0"
        },
        "east": {
          "uv": [
            6,
            10.5,
            7,
            11
          ],
          "texture": "#0"
        },
        "south": {
          "uv": [
            10,
            1,
            12,
            1.5
          ],
          "texture": "#0"
        },
        "west": {
          "uv": [
            10.5,
            6.5,
            11.5,
            7
          ],
          "texture": "#0"
        },
        "up": {
          "uv": [
            10,
            7,
            8,
            6
          ],
          "texture": "#0"
        },
        "down": {
          "uv": [
            10,
            7,
            8,
            8
          ],
          "texture": "#0"
        }
      }
    },
    {
      "from": [
        6.1,
        -0.4,
        14.1
      ],
      "to": [
        9.9,
        0.4,
        15.7
      ],
      "rotation": {
        "angle": 0,
        "axis": "y",
        "origin": [
          6,
          0,
          14
        ]
      },
      "faces": {
        "north": {
          "uv": [
            10,
            1.5,
            12,
            2
          ],
          "texture": "#0"
        },
        "east": {
          "uv": [
            7,
            10.5,
            8,
            11
          ],
          "texture": "#0"
        },
        "south": {
          "uv": [
            10,
            2,
            12,
            2.5
          ],
          "texture": "#0"
        },
        "west": {
          "uv": [
            10.5,
            7,
            11.5,
            7.5
          ],
          "texture": "#0"
        },
        "up": {
          "uv": [
            10,
            9,
            8,
            8
          ],
          "texture": "#0"
        },
        "down": {
          "uv": [
            2,
            9,
            0,
            10
          ],
          "texture": "#0"
        }
      }
    },
    {
      "from": [
        6,
        5,
        4
      ],
      "to": [
        10,
        6.3,
        15
      ],
      "rotation": {
        "angle": 0,
        "axis": "y",
        "origin": [
          6,
          5,
          4
        ]
      },
      "faces": {
        "north": {
          "uv": [
            8,
            9,
            10,
            9.5
          ],
          "texture": "#0"
        },
        "east": {
          "uv": [
            6,
            5,
            11.5,
            5.5
          ],
          "texture": "#0"
        },
        "south": {
          "uv": [
            8,
            9.5,
            10,
            10
          ],
          "texture": "#0"
        },
        "west": {
          "uv": [
            6,
            5.5,
            11.5,
            6
          ],
          "texture": "#0"
        },
        "up": {
          "uv": [
            6,
            5.5,
            4,
            0
          ],
          "texture": "#0"
        },
        "down": {
          "uv": [
            6,
            5.5,
            4,
            11
          ],
          "texture": "#0"
        }
      }
    },
    {
      "from": [
        6.05,
        6.05,
        3.05
      ],
      "to": [
        9.95,
        7.65,
        14.95
      ],
      "rotation": {
        "angle": 0,
        "axis": "y",
        "origin": [
          6,
          6,
          3
        ]
      },
      "faces": {
        "north": {
          "uv": [
            8,
            0,
            10,
            1
          ],
          "texture": "#0"
        },
        "east": {
          "uv": [
            6,
            3,
            12,
            4
          ],
          "texture": "#0"
        },
        "south": {
          "uv": [
            8,
            1,
            10,
            2
          ],
          "texture": "#0"
        },
        "west": {
          "uv": [
            6,
            4,
            12,
            5
          ],
          "texture": "#0"
        },
        "up": {
          "uv": [
            2,
            6,
            0,
            0
          ],
          "texture": "#0"
        },
        "down": {
          "uv": [
            4,
            0,
            2,
            6
          ],
          "texture": "#0"
        }
      }
    },
    {
      "from": [
        6.001,
        5.001,
        4.001
      ],
      "to": [
        9.999,
        6.999,
        4.999
      ],
      "rotation": {
        "angle": -22.5,
        "axis": "x",
        "origin": [
          6,
          5,
          4
        ]
      },
      "faces": {
        "north": {
          "uv": [
            8,
            2,
            10,
            3
          ],
          "texture": "#0"
        },
        "east": {
          "uv": [
            9.5,
            10,
            10,
            11
          ],
          "texture": "#0"
        },
        "south": {
          "uv": [
            6,
            8,
            8,
            9
          ],
          "texture": "#0"
        },
        "west": {
          "uv": [
            10,
            9.5,
            10.5,
            10.5
          ],
          "texture": "#0"
        },
        "up": {
          "uv": [
            2,
            10.5,
            0,
            10
          ],
          "texture": "#0"
        },
        "down": {
          "uv": [
            12,
            0,
            10,
            0.5
          ],
          "texture": "#0"
        }
      }
    },
    {
      "from": [
        7,
        3.5,
        10
      ],
      "to": [
        9,
        4.01,
        13
      ],
      "rotation": {
        "angle": 0,
        "axis": "y",
        "origin": [
          7,
          3,
          10
        ]
      },
      "faces": {
        "north": {
          "uv": [
            0,
            10.5,
            1,
            11
          ],
          "texture": "#0"
        },
        "east": {
          "uv": [
            10,
            2.5,
            11.5,
            3
          ],
          "texture": "#0"
        },
        "south": {
          "uv": [
            1,
            10.5,
            2,
            11
          ],
          "texture": "#0"
        },
        "west": {
          "uv": [
            10,
            6,
            11.5,
            6.5
          ],
          "texture": "#0"
        },
        "up": {
          "uv": [
            3,
            10.5,
            2,
            9
          ],
          "texture": "#0"
        },
        "down": {
          "uv": [
            4,
            9,
            3,
            10.5
          ],
          "texture": "#0"
        }
      }
    },
    {
      "from": [
        7.001,
        3.501,
        10.001
      ],
      "to": [
        8.999,
        6.499,
        10.509
      ],
      "rotation": {
        "angle": 0,
        "axis": "y",
        "origin": [
          7,
          6,
          10
        ]
      },
      "faces": {
        "north": {
          "uv": [
            6,
            9,
            7,
            10.5
          ],
          "texture": "#0"
        },
        "east": {
          "uv": [
            10,
            6.5,
            10.5,
            8
          ],
          "texture": "#0"
        },
        "south": {
          "uv": [
            7,
            9,
            8,
            10.5
          ],
          "texture": "#0"
        },
        "west": {
          "uv": [
            8,
            10,
            8.5,
            11.5
          ],
          "texture": "#0"
        },
        "up": {
          "uv": [
            3,
            11,
            2,
            10.5
          ],
          "texture": "#0"
        },
        "down": {
          "uv": [
            4,
            10.5,
            3,
            11
          ],
          "texture": "#0"
        }
      }
    },
    {
      "from": [
        8,
        4.5,
        11
      ],
      "to": [
        10,
        5.5,
        11.3
      ],
      "rotation": {
        "angle": 22.5,
        "axis": "x",
        "origin": [
          8,
          4,
          11
        ]
      },
      "faces": {
        "north": {
          "uv": [
            10,
            8,
            11,
            8.5
          ],
          "texture": "#0"
        },
        "east": {
          "uv": [
            10.5,
            7.5,
            11,
            8
          ],
          "texture": "#0"
        },
        "south": {
          "uv": [
            8.5,
            10,
            9.5,
            10.5
          ],
          "texture": "#0"
        },
        "west": {
          "uv": [
            8.5,
            10.5,
            9,
            11
          ],
          "texture": "#0"
        },
        "up": {
          "uv": [
            11,
            9,
            10,
            8.5
          ],
          "texture": "#0"
        },
        "down": {
          "uv": [
            11,
            9,
            10,
            9.5
          ],
          "texture": "#0"
        }
      }
    },
    {
      "from": [
        7,
        7,
        3
      ],
      "to": [
        9,
        8,
        4
      ],
      "rotation": {
        "angle": 45,
        "axis": "x",
        "origin": [
          7,
          7,
          3
        ]
      },
      "faces": {
        "north": {
          "uv": [
            0,
            0,
            1,
            0.5
          ],
          "texture": "#0"
        },
        "east": {
          "uv": [
            0,
            0,
            0.5,
            0.5
          ],
          "texture": "#0"
        },
        "south": {
          "uv": [
            0,
            0,
            1,
            0.5
          ],
          "texture": "#0"
        },
        "west": {
          "uv": [
            0,
            0,
            0.5,
            0.5
          ],
          "texture": "#0"
        },
        "up": {
          "uv": [
            0,
            0,
            1,
            0.5
          ],
          "texture": "#0"
        },
        "down": {
          "uv": [
            0,
            0,
            1,
            0.5
          ],
          "texture": "#0"
        }
      }
    }
  ],
  "display": {
    "thirdperson_righthand": {
      "translation": [
        0,
        1.75,
        -2.5
      ],
      "scale": [
        0.5,
        0.6,
        0.7
      ]
    },
    "thirdperson_lefthand": {
      "translation": [
        0,
        1.75,
        -2.5
      ],
      "scale": [
        0.5,
        0.6,
        0.7
      ]
    },
    "firstperson_righthand": {
      "translation": [
        0,
        5.25,
        0
      ]
    },
    "firstperson_lefthand": {
      "translation": [
        0,
        5.25,
        0
      ]
    },
    "ground": {
      "translation": [
        0,
        3.5,
        0
      ],
      "scale": [
        0.5,
        0.5,
        0.55
      ]
    },
    "gui": {
      "rotation": [
        96.74,
        -63.59,
        96.05
      ],
      "translation": [
        0,
        5.25,
        0
      ],
      "scale": [
        1.2,
        1.2,
        1.3
      ]
    },
    "fixed": {
      "rotation": [
        0,
        86.5,
        0
      ]
    }
  }
}