{
  "format_version": "1.9.0",
  "credit": "Made with Blockbench",
  "parent": "heatwarheadrocket",
  "texture_size": [
    32,
    32
  ],
  "elements": [
    {
      "from": [
        6.5,
        0,
        5.5
      ],
      "to": [
        9.5,
        14,
        8.5
      ],
      "rotation": {
        "angle": 0,
        "axis": "y",
        "origin": [
          7,
          0,
          6
        ]
      },
      "faces": {
        "north": {
          "uv": [
            0,
            0,
            1.5,
            7
          ],
          "texture": "#0"
        },
        "east": {
          "uv": [
            1.5,
            0,
            3,
            7
          ],
          "texture": "#0"
        },
        "south": {
          "uv": [
            3,
            0,
            4.5,
            7
          ],
          "texture": "#0"
        },
        "west": {
          "uv": [
            4.5,
            0,
            6,
            7
          ],
          "texture": "#0"
        },
        "up": {
          "uv": [
            9.5,
            7.5,
            8,
            6
          ],
          "texture": "#0"
        },
        "down": {
          "uv": [
            9.5,
            7.5,
            8,
            9
          ],
          "texture": "#0"
        }
      }
    },
    {
      "from": [
        7,
        0,
        4
      ],
      "to": [
        9,
        2,
        10
      ],
      "rotation": {
        "angle": -45,
        "axis": "x",
        "origin": [
          7,
          0,
          4
        ]
      },
      "faces": {
        "north": {
          "uv": [
            9.5,
            6,
            10.5,
            7
          ],
          "texture": "#0"
        },
        "east": {
          "uv": [
            6,
            0,
            9,
            1
          ],
          "texture": "#0"
        },
        "south": {
          "uv": [
            9.5,
            7,
            10.5,
            8
          ],
          "texture": "#0"
        },
        "west": {
          "uv": [
            6,
            1,
            9,
            2
          ],
          "texture": "#0"
        },
        "up": {
          "uv": [
            7,
            5,
            6,
            2
          ],
          "texture": "#0"
        },
        "down": {
          "uv": [
            7,
            5,
            6,
            8
          ],
          "texture": "#0"
        }
      }
    },
    {
      "from": [
        3,
        1,
        6
      ],
      "to": [
        5,
        7,
        8
      ],
      "rotation": {
        "angle": -45,
        "axis": "z",
        "origin": [
          3,
          1,
          8
        ]
      },
      "faces": {
        "north": {
          "uv": [
            4,
            7,
            5,
            10
          ],
          "texture": "#0"
        },
        "east": {
          "uv": [
            5,
            7,
            6,
            10
          ],
          "texture": "#0"
        },
        "south": {
          "uv": [
            7,
            6,
            8,
            9
          ],
          "texture": "#0"
        },
        "west": {
          "uv": [
            0,
            8,
            1,
            11
          ],
          "texture": "#0"
        },
        "up": {
          "uv": [
            11,
            2,
            10,
            1
          ],
          "texture": "#0"
        },
        "down": {
          "uv": [
            11,
            2,
            10,
            3
          ],
          "texture": "#0"
        }
      }
    },
    {
      "from": [
        7,
        0,
        4
      ],
      "to": [
        9,
        2,
        10
      ],
      "rotation": {
        "angle": 45,
        "axis": "x",
        "origin": [
          9,
          0,
          10
        ]
      },
      "faces": {
        "north": {
          "uv": [
            9.5,
            8,
            10.5,
            9
          ],
          "texture": "#0"
        },
        "east": {
          "uv": [
            0,
            7,
            3,
            8
          ],
          "texture": "#0"
        },
        "south": {
          "uv": [
            10,
            0,
            11,
            1
          ],
          "texture": "#0"
        },
        "west": {
          "uv": [
            7,
            2,
            10,
            3
          ],
          "texture": "#0"
        },
        "up": {
          "uv": [
            4,
            10,
            3,
            7
          ],
          "texture": "#0"
        },
        "down": {
          "uv": [
            8,
            3,
            7,
            6
          ],
          "texture": "#0"
        }
      }
    },
    {
      "from": [
        11,
        1,
        6
      ],
      "to": [
        13,
        7,
        8
      ],
      "rotation": {
        "angle": 45,
        "axis": "z",
        "origin": [
          13,
          1,
          8
        ]
      },
      "faces": {
        "north": {
          "uv": [
            1,
            8,
            2,
            11
          ],
          "texture": "#0"
        },
        "east": {
          "uv": [
            2,
            8,
            3,
            11
          ],
          "texture": "#0"
        },
        "south": {
          "uv": [
            8,
            3,
            9,
            6
          ],
          "texture": "#0"
        },
        "west": {
          "uv": [
            6,
            8,
            7,
            11
          ],
          "texture": "#0"
        },
        "up": {
          "uv": [
            4,
            11,
            3,
            10
          ],
          "texture": "#0"
        },
        "down": {
          "uv": [
            11,
            3,
            10,
            4
          ],
          "texture": "#0"
        }
      }
    },
    {
      "from": [
        7,
        14,
        6
      ],
      "to": [
        9,
        17,
        8
      ],
      "rotation": {
        "angle": 0,
        "axis": "y",
        "origin": [
          9,
          14,
          6
        ]
      },
      "faces": {
        "north": {
          "uv": [
            9,
            0,
            10,
            1.5
          ],
          "texture": "#0"
        },
        "east": {
          "uv": [
            9,
            3,
            10,
            4.5
          ],
          "texture": "#0"
        },
        "south": {
          "uv": [
            9,
            4.5,
            10,
            6
          ],
          "texture": "#0"
        },
        "west": {
          "uv": [
            7,
            9,
            8,
            10.5
          ],
          "texture": "#0"
        },
        "up": {
          "uv": [
            9,
            10,
            8,
            9
          ],
          "texture": "#0"
        },
        "down": {
          "uv": [
            10,
            9,
            9,
            10
          ],
          "texture": "#0"
        }
      }
    }
  ],
  "display": {
    "thirdperson_righthand": {
      "translation": [
        0,
        0,
        2.5
      ],
      "scale": [
        0.6,
        0.6,
        0.6
      ]
    },
    "thirdperson_lefthand": {
      "translation": [
        0,
        0,
        2.5
      ],
      "scale": [
        0.6,
        0.6,
        0.6
      ]
    },
    "firstperson_righthand": {
      "translation": [
        4,
        0,
        0
      ]
    },
    "firstperson_lefthand": {
      "translation": [
        4,
        0,
        0
      ]
    },
    "ground": {
      "translation": [
        0,
        4,
        0
      ],
      "scale": [
        0.8,
        0.8,
        0.8
      ]
    },
    "gui": {
      "rotation": [
        0,
        22.5,
        0
      ]
    },
    "head": {
      "translation": [
        0,
        2,
        0
      ]
    }
  }
}