{
  "format_version": "1.9.0",
  "credit": "Made with Blockbench",
  "parent": "hk416",
  "texture_size": [
    64,
    64
  ],
  "elements": [
    {
      "from": [
        6.999,
        1.999,
        -15.001
      ],
      "to": [
        11.001,
        9.001,
        -9.999
      ],
      "rotation": {
        "angle": 0,
        "axis": "y",
        "origin": [
          7,
          2,
          -15
        ]
      },
      "faces": {
        "north": {
          "uv": [
            2,
            5.75,
            3,
            7.5
          ],
          "texture": "#0"
        },
        "east": {
          "uv": [
            5,
            2,
            6.25,
            3.75
          ],
          "texture": "#0"
        },
        "south": {
          "uv": [
            3,
            5.75,
            4,
            7.5
          ],
          "texture": "#0"
        },
        "west": {
          "uv": [
            5,
            3.75,
            6.25,
            5.5
          ],
          "texture": "#0"
        },
        "up": {
          "uv": [
            3,
            8.75,
            2,
            7.5
          ],
          "texture": "#0"
        },
        "down": {
          "uv": [
            4,
            7.5,
            3,
            8.75
          ],
          "texture": "#0"
        }
      }
    },
    {
      "from": [
        6.9995,
        1.9995,
        -12.0005
      ],
      "to": [
        11.0005,
        9.0005,
        -9.9995
      ],
      "rotation": {
        "angle": 22.5,
        "axis": "x",
        "origin": [
          7,
          2,
          -12
        ]
      },
      "faces": {
        "north": {
          "uv": [
            6.25,
            2,
            7.25,
            3.75
          ],
          "texture": "#0"
        },
        "east": {
          "uv": [
            8.25,
            3,
            8.75,
            4.75
          ],
          "texture": "#0"
        },
        "south": {
          "uv": [
            6.25,
            3.75,
            7.25,
            5.5
          ],
          "texture": "#0"
        },
        "west": {
          "uv": [
            4,
            8.5,
            4.5,
            10.25
          ],
          "texture": "#0"
        },
        "up": {
          "uv": [
            10,
            8.75,
            9,
            8.25
          ],
          "texture": "#0"
        },
        "down": {
          "uv": [
            10,
            8.75,
            9,
            9.25
          ],
          "texture": "#0"
        }
      }
    },
    {
      "from": [
        7,
        6,
        -10
      ],
      "to": [
        11,
        9,
        -2
      ],
      "rotation": {
        "angle": 0,
        "axis": "y",
        "origin": [
          7,
          6,
          -10
        ]
      },
      "faces": {
        "north": {
          "uv": [
            7.5,
            8.5,
            8.5,
            9.25
          ],
          "texture": "#0"
        },
        "east": {
          "uv": [
            6,
            6.5,
            8,
            7.25
          ],
          "texture": "#0"
        },
        "south": {
          "uv": [
            8.75,
            0,
            9.75,
            0.75
          ],
          "texture": "#0"
        },
        "west": {
          "uv": [
            6.75,
            0,
            8.75,
            0.75
          ],
          "texture": "#0"
        },
        "up": {
          "uv": [
            6,
            7.5,
            5,
            5.5
          ],
          "texture": "#0"
        },
        "down": {
          "uv": [
            6.75,
            0,
            5.75,
            2
          ],
          "texture": "#0"
        }
      }
    },
    {
      "from": [
        6.999,
        8.999,
        -15.001
      ],
      "to": [
        11.001,
        11.001,
        1.001
      ],
      "rotation": {
        "angle": 0,
        "axis": "y",
        "origin": [
          7,
          9,
          -15
        ]
      },
      "faces": {
        "north": {
          "uv": [
            9.25,
            0.75,
            10.25,
            1.25
          ],
          "texture": "#0"
        },
        "east": {
          "uv": [
            6,
            5.5,
            10,
            6
          ],
          "texture": "#0"
        },
        "south": {
          "uv": [
            1,
            9.25,
            2,
            9.75
          ],
          "texture": "#0"
        },
        "west": {
          "uv": [
            6,
            6,
            10,
            6.5
          ],
          "texture": "#0"
        },
        "up": {
          "uv": [
            1,
            6.5,
            0,
            2.5
          ],
          "texture": "#0"
        },
        "down": {
          "uv": [
            2,
            2.5,
            1,
            6.5
          ],
          "texture": "#0"
        }
      }
    },
    {
      "from": [
        7.001,
        6.001,
        -3.999
      ],
      "to": [
        10.999,
        10.999,
        -2.001
      ],
      "rotation": {
        "angle": 22.5,
        "axis": "x",
        "origin": [
          7,
          6,
          -4
        ]
      },
      "faces": {
        "north": {
          "uv": [
            5,
            7.5,
            6,
            8.75
          ],
          "texture": "#0"
        },
        "east": {
          "uv": [
            6.75,
            0.75,
            7.25,
            2
          ],
          "texture": "#0"
        },
        "south": {
          "uv": [
            7.5,
            7.25,
            8.5,
            8.5
          ],
          "texture": "#0"
        },
        "west": {
          "uv": [
            9,
            7,
            9.5,
            8.25
          ],
          "texture": "#0"
        },
        "up": {
          "uv": [
            10.25,
            1.75,
            9.25,
            1.25
          ],
          "texture": "#0"
        },
        "down": {
          "uv": [
            10.25,
            1.75,
            9.25,
            2.25
          ],
          "texture": "#0"
        }
      }
    },
    {
      "from": [
        6.998,
        5.998,
        0.998
      ],
      "to": [
        11.002,
        11.002,
        14.002
      ],
      "rotation": {
        "angle": 0,
        "axis": "y",
        "origin": [
          7,
          6,
          1
        ]
      },
      "faces": {
        "north": {
          "uv": [
            0,
            8.25,
            1,
            9.5
          ],
          "texture": "#0"
        },
        "east": {
          "uv": [
            0,
            0,
            3.25,
            1.25
          ],
          "texture": "#0"
        },
        "south": {
          "uv": [
            8.25,
            0.75,
            9.25,
            2
          ],
          "texture": "#0"
        },
        "west": {
          "uv": [
            0,
            1.25,
            3.25,
            2.5
          ],
          "texture": "#0"
        },
        "up": {
          "uv": [
            3,
            5.75,
            2,
            2.5
          ],
          "texture": "#0"
        },
        "down": {
          "uv": [
            4,
            2.5,
            3,
            5.75
          ],
          "texture": "#0"
        }
      }
    },
    {
      "from": [
        7,
        7,
        14
      ],
      "to": [
        11,
        11,
        24
      ],
      "rotation": {
        "angle": 0,
        "axis": "y",
        "origin": [
          7,
          7,
          14
        ]
      },
      "faces": {
        "north": {
          "uv": [
            1,
            8.25,
            2,
            9.25
          ],
          "texture": "#0"
        },
        "east": {
          "uv": [
            3.25,
            0,
            5.75,
            1
          ],
          "texture": "#0"
        },
        "south": {
          "uv": [
            8.25,
            2,
            9.25,
            3
          ],
          "texture": "#0"
        },
        "west": {
          "uv": [
            3.25,
            1,
            5.75,
            2
          ],
          "texture": "#0"
        },
        "up": {
          "uv": [
            5,
            4.5,
            4,
            2
          ],
          "texture": "#0"
        },
        "down": {
          "uv": [
            5,
            4.5,
            4,
            7
          ],
          "texture": "#0"
        }
      }
    },
    {
      "from": [
        8,
        8,
        24
      ],
      "to": [
        10,
        10,
        31
      ],
      "rotation": {
        "angle": 0,
        "axis": "y",
        "origin": [
          8,
          8,
          24
        ]
      },
      "faces": {
        "north": {
          "uv": [
            9.5,
            7.5,
            10,
            8
          ],
          "texture": "#0"
        },
        "east": {
          "uv": [
            8,
            6.5,
            9.75,
            7
          ],
          "texture": "#0"
        },
        "south": {
          "uv": [
            9.75,
            0,
            10.25,
            0.5
          ],
          "texture": "#0"
        },
        "west": {
          "uv": [
            8.25,
            4.75,
            10,
            5.25
          ],
          "texture": "#0"
        },
        "up": {
          "uv": [
            5,
            10.25,
            4.5,
            8.5
          ],
          "texture": "#0"
        },
        "down": {
          "uv": [
            9,
            7,
            8.5,
            8.75
          ],
          "texture": "#0"
        }
      }
    },
    {
      "from": [
        7,
        1,
        -1
      ],
      "to": [
        11,
        8,
        2
      ],
      "rotation": {
        "angle": 22.5,
        "axis": "x",
        "origin": [
          7,
          1,
          -1
        ]
      },
      "faces": {
        "north": {
          "uv": [
            0,
            6.5,
            1,
            8.25
          ],
          "texture": "#0"
        },
        "east": {
          "uv": [
            6,
            7.25,
            6.75,
            9
          ],
          "texture": "#0"
        },
        "south": {
          "uv": [
            1,
            6.5,
            2,
            8.25
          ],
          "texture": "#0"
        },
        "west": {
          "uv": [
            6.75,
            7.25,
            7.5,
            9
          ],
          "texture": "#0"
        },
        "up": {
          "uv": [
            3,
            9.5,
            2,
            8.75
          ],
          "texture": "#0"
        },
        "down": {
          "uv": [
            4,
            8.75,
            3,
            9.5
          ],
          "texture": "#0"
        }
      }
    },
    {
      "from": [
        7.001,
        -0.999,
        -0.999
      ],
      "to": [
        10.999,
        0.999,
        1.999
      ],
      "rotation": {
        "angle": 0,
        "axis": "y",
        "origin": [
          7,
          -1,
          -1
        ]
      },
      "faces": {
        "north": {
          "uv": [
            9.25,
            2.25,
            10.25,
            2.75
          ],
          "texture": "#0"
        },
        "east": {
          "uv": [
            3.25,
            2,
            4,
            2.5
          ],
          "texture": "#0"
        },
        "south": {
          "uv": [
            7.5,
            9.25,
            8.5,
            9.75
          ],
          "texture": "#0"
        },
        "west": {
          "uv": [
            9.5,
            7,
            10.25,
            7.5
          ],
          "texture": "#0"
        },
        "up": {
          "uv": [
            9.75,
            3.75,
            8.75,
            3
          ],
          "texture": "#0"
        },
        "down": {
          "uv": [
            9.75,
            3.75,
            8.75,
            4.5
          ],
          "texture": "#0"
        }
      }
    },
    {
      "from": [
        7.001,
        0.001,
        7.001
      ],
      "to": [
        10.999,
        5.999,
        8.999
      ],
      "rotation": {
        "angle": 0,
        "axis": "y",
        "origin": [
          7,
          0,
          7
        ]
      },
      "faces": {
        "north": {
          "uv": [
            4,
            7,
            5,
            8.5
          ],
          "texture": "#0"
        },
        "east": {
          "uv": [
            5,
            8.75,
            5.5,
            10.25
          ],
          "texture": "#0"
        },
        "south": {
          "uv": [
            7.25,
            0.75,
            8.25,
            2.25
          ],
          "texture": "#0"
        },
        "west": {
          "uv": [
            5.5,
            8.75,
            6,
            10.25
          ],
          "texture": "#0"
        },
        "up": {
          "uv": [
            10,
            9.75,
            9,
            9.25
          ],
          "texture": "#0"
        },
        "down": {
          "uv": [
            1,
            9.5,
            0,
            10
          ],
          "texture": "#0"
        }
      }
    },
    {
      "from": [
        7.002,
        -4.998,
        9.002
      ],
      "to": [
        10.998,
        0.998,
        10.998
      ],
      "rotation": {
        "angle": -22.5,
        "axis": "x",
        "origin": [
          7,
          -5,
          9
        ]
      },
      "faces": {
        "north": {
          "uv": [
            7.25,
            2.25,
            8.25,
            3.75
          ],
          "texture": "#0"
        },
        "east": {
          "uv": [
            8.5,
            8.75,
            9,
            10.25
          ],
          "texture": "#0"
        },
        "south": {
          "uv": [
            7.25,
            3.75,
            8.25,
            5.25
          ],
          "texture": "#0"
        },
        "west": {
          "uv": [
            6,
            9,
            6.5,
            10.5
          ],
          "texture": "#0"
        },
        "up": {
          "uv": [
            3,
            10,
            2,
            9.5
          ],
          "texture": "#0"
        },
        "down": {
          "uv": [
            4,
            9.5,
            3,
            10
          ],
          "texture": "#0"
        }
      }
    },
    {
      "from": [
        8.002,
        7.002,
        24.002
      ],
      "to": [
        9.998,
        7.998,
        25.998
      ],
      "rotation": {
        "angle": -22.5,
        "axis": "x",
        "origin": [
          8,
          7,
          24
        ]
      },
      "faces": {
        "north": {
          "uv": [
            8.75,
            4.5,
            9.25,
            4.75
          ],
          "texture": "#0"
        },
        "east": {
          "uv": [
            8.75,
            5.25,
            9.25,
            5.5
          ],
          "texture": "#0"
        },
        "south": {
          "uv": [
            9.25,
            2.75,
            9.75,
            3
          ],
          "texture": "#0"
        },
        "west": {
          "uv": [
            9.25,
            4.5,
            9.75,
            4.75
          ],
          "texture": "#0"
        },
        "up": {
          "uv": [
            8,
            10.25,
            7.5,
            9.75
          ],
          "texture": "#0"
        },
        "down": {
          "uv": [
            8.5,
            9.75,
            8,
            10.25
          ],
          "texture": "#0"
        }
      }
    },
    {
      "from": [
        8.002,
        10.002,
        24.002
      ],
      "to": [
        9.998,
        10.998,
        25.998
      ],
      "rotation": {
        "angle": 22.5,
        "axis": "x",
        "origin": [
          8,
          10,
          24
        ]
      },
      "faces": {
        "north": {
          "uv": [
            7.25,
            5.25,
            7.75,
            5.5
          ],
          "texture": "#0"
        },
        "east": {
          "uv": [
            7.75,
            5.25,
            8.25,
            5.5
          ],
          "texture": "#0"
        },
        "south": {
          "uv": [
            8,
            7,
            8.5,
            7.25
          ],
          "texture": "#0"
        },
        "west": {
          "uv": [
            8.25,
            5.25,
            8.75,
            5.5
          ],
          "texture": "#0"
        },
        "up": {
          "uv": [
            2,
            10.25,
            1.5,
            9.75
          ],
          "texture": "#0"
        },
        "down": {
          "uv": [
            10.25,
            2.75,
            9.75,
            3.25
          ],
          "texture": "#0"
        }
      }
    },
    {
      "from": [
        10.002,
        8.002,
        24.002
      ],
      "to": [
        10.998,
        9.998,
        25.998
      ],
      "rotation": {
        "angle": -22.5,
        "axis": "y",
        "origin": [
          10,
          8,
          24
        ]
      },
      "faces": {
        "north": {
          "uv": [
            9,
            9.75,
            9.25,
            10.25
          ],
          "texture": "#0"
        },
        "east": {
          "uv": [
            9.75,
            3.25,
            10.25,
            3.75
          ],
          "texture": "#0"
        },
        "south": {
          "uv": [
            9.25,
            9.75,
            9.5,
            10.25
          ],
          "texture": "#0"
        },
        "west": {
          "uv": [
            9.75,
            3.75,
            10.25,
            4.25
          ],
          "texture": "#0"
        },
        "up": {
          "uv": [
            9.75,
            10.25,
            9.5,
            9.75
          ],
          "texture": "#0"
        },
        "down": {
          "uv": [
            10,
            9.75,
            9.75,
            10.25
          ],
          "texture": "#0"
        }
      }
    },
    {
      "from": [
        7.002,
        8.002,
        24.002
      ],
      "to": [
        7.998,
        9.998,
        25.998
      ],
      "rotation": {
        "angle": 22.5,
        "axis": "y",
        "origin": [
          8,
          8,
          24
        ]
      },
      "faces": {
        "north": {
          "uv": [
            0,
            10,
            0.25,
            10.5
          ],
          "texture": "#0"
        },
        "east": {
          "uv": [
            9.75,
            4.25,
            10.25,
            4.75
          ],
          "texture": "#0"
        },
        "south": {
          "uv": [
            0.25,
            10,
            0.5,
            10.5
          ],
          "texture": "#0"
        },
        "west": {
          "uv": [
            9.75,
            6.5,
            10.25,
            7
          ],
          "texture": "#0"
        },
        "up": {
          "uv": [
            0.75,
            10.5,
            0.5,
            10
          ],
          "texture": "#0"
        },
        "down": {
          "uv": [
            1,
            10,
            0.75,
            10.5
          ],
          "texture": "#0"
        }
      }
    },
    {
      "from": [
        8,
        3,
        2
      ],
      "to": [
        10,
        9,
        3
      ],
      "rotation": {
        "angle": 45,
        "axis": "x",
        "origin": [
          8,
          3,
          2
        ]
      },
      "faces": {
        "north": {
          "uv": [
            6.5,
            9,
            7,
            10.5
          ],
          "texture": "#0"
        },
        "east": {
          "uv": [
            1,
            9.75,
            1.25,
            11.25
          ],
          "texture": "#0"
        },
        "south": {
          "uv": [
            7,
            9,
            7.5,
            10.5
          ],
          "texture": "#0"
        },
        "west": {
          "uv": [
            1.25,
            9.75,
            1.5,
            11.25
          ],
          "texture": "#0"
        },
        "up": {
          "uv": [
            9.75,
            5.5,
            9.25,
            5.25
          ],
          "texture": "#0"
        },
        "down": {
          "uv": [
            10,
            8,
            9.5,
            8.25
          ],
          "texture": "#0"
        }
      }
    },
    {
      "from": [
        8,
        10,
        21
      ],
      "to": [
        10,
        12,
        23
      ],
      "rotation": {
        "angle": 45,
        "axis": "x",
        "origin": [
          8,
          10,
          21
        ]
      },
      "faces": {
        "north": {
          "uv": [
            0,
            0,
            0.5,
            0.5
          ],
          "texture": "#0"
        },
        "east": {
          "uv": [
            0,
            0,
            0.5,
            0.5
          ],
          "texture": "#0"
        },
        "south": {
          "uv": [
            0,
            0,
            0.5,
            0.5
          ],
          "texture": "#0"
        },
        "west": {
          "uv": [
            0,
            0,
            0.5,
            0.5
          ],
          "texture": "#0"
        },
        "up": {
          "uv": [
            0,
            0,
            0.5,
            0.5
          ],
          "texture": "#0"
        },
        "down": {
          "uv": [
            0,
            0,
            0.5,
            0.5
          ],
          "texture": "#0"
        }
      }
    },
    {
      "from": [
        8,
        10,
        -6
      ],
      "to": [
        10,
        13,
        -3
      ],
      "rotation": {
        "angle": 45,
        "axis": "x",
        "origin": [
          8,
          10,
          -6
        ]
      },
      "faces": {
        "north": {
          "uv": [
            0,
            0,
            0.5,
            0.75
          ],
          "texture": "#0"
        },
        "east": {
          "uv": [
            0,
            0,
            0.75,
            0.75
          ],
          "texture": "#0"
        },
        "south": {
          "uv": [
            0,
            0,
            0.5,
            0.75
          ],
          "texture": "#0"
        },
        "west": {
          "uv": [
            0,
            0,
            0.75,
            0.75
          ],
          "texture": "#0"
        },
        "up": {
          "uv": [
            0,
            0,
            0.5,
            0.75
          ],
          "texture": "#0"
        },
        "down": {
          "uv": [
            0,
            0,
            0.5,
            0.75
          ],
          "texture": "#0"
        }
      }
    }
  ],
  "display": {
    "thirdperson_righthand": {
      "rotation": [
        0,
        -180,
        0
      ],
      "translation": [
        0.25,
        0,
        -1.5
      ],
      "scale": [
        0.5,
        0.5,
        0.51
      ]
    },
    "thirdperson_lefthand": {
      "rotation": [
        0,
        -180,
        0
      ],
      "translation": [
        -0.75,
        0,
        -1.5
      ],
      "scale": [
        0.5,
        0.5,
        0.51
      ]
    },
    "firstperson_righthand": {
      "rotation": [
        0,
        -170,
        0
      ],
      "scale": [
        0.7,
        0.7,
        0.7
      ]
    },
    "firstperson_lefthand": {
      "rotation": [
        0,
        -170,
        0
      ],
      "scale": [
        0.7,
        0.7,
        0.7
      ]
    },
    "gui": {
      "rotation": [
        -90,
        48.75,
        90
      ],
      "scale": [
        0.47,
        0.47,
        0.47
      ]
    }
  }
}