{
  "format_version": "1.9.0",
  "credit": "Made with Blockbench",
  "parent": "jdj950",
  "texture_size": [
    64,
    64
  ],
  "elements": [
    {
      "from": [
        6,
        0,
        25
      ],
      "to": [
        10,
        4,
        32
      ],
      "rotation": {
        "angle": 0,
        "axis": "y",
        "origin": [
          6,
          0,
          25
        ]
      },
      "faces": {
        "north": {
          "uv": [
            6,
            3.5,
            7,
            4.5
          ],
          "texture": "#0"
        },
        "east": {
          "uv": [
            4,
            2,
            5.75,
            3
          ],
          "texture": "#0"
        },
        "south": {
          "uv": [
            6,
            4.5,
            7,
            5.5
          ],
          "texture": "#0"
        },
        "west": {
          "uv": [
            4,
            3,
            5.75,
            4
          ],
          "texture": "#0"
        },
        "up": {
          "uv": [
            5,
            5.75,
            4,
            4
          ],
          "texture": "#0"
        },
        "down": {
          "uv": [
            3,
            4.25,
            2,
            6
          ],
          "texture": "#0"
        }
      }
    },
    {
      "from": [
        6.001,
        3.001,
        19.001
      ],
      "to": [
        9.999,
        4.999,
        24.999
      ],
      "rotation": {
        "angle": 22.5,
        "axis": "x",
        "origin": [
          6,
          3,
          23
        ]
      },
      "faces": {
        "north": {
          "uv": [
            7,
            5,
            8,
            5.5
          ],
          "texture": "#0"
        },
        "east": {
          "uv": [
            5,
            6.5,
            6.5,
            7
          ],
          "texture": "#0"
        },
        "south": {
          "uv": [
            0.75,
            7.5,
            1.75,
            8
          ],
          "texture": "#0"
        },
        "west": {
          "uv": [
            6.5,
            6.5,
            8,
            7
          ],
          "texture": "#0"
        },
        "up": {
          "uv": [
            6.75,
            3.5,
            5.75,
            2
          ],
          "texture": "#0"
        },
        "down": {
          "uv": [
            5,
            5.75,
            4,
            7.25
          ],
          "texture": "#0"
        }
      }
    },
    {
      "from": [
        8.002,
        -0.498,
        24.002
      ],
      "to": [
        9.998,
        3.498,
        25.998
      ],
      "rotation": {
        "angle": -22.5,
        "axis": "x",
        "origin": [
          8,
          0,
          24
        ]
      },
      "faces": {
        "north": {
          "uv": [
            1.75,
            7.5,
            2.25,
            8.5
          ],
          "texture": "#0"
        },
        "east": {
          "uv": [
            2.25,
            7.5,
            2.75,
            8.5
          ],
          "texture": "#0"
        },
        "south": {
          "uv": [
            2.75,
            7.5,
            3.25,
            8.5
          ],
          "texture": "#0"
        },
        "west": {
          "uv": [
            3.25,
            7.5,
            3.75,
            8.5
          ],
          "texture": "#0"
        },
        "up": {
          "uv": [
            7.75,
            8.25,
            7.25,
            7.75
          ],
          "texture": "#0"
        },
        "down": {
          "uv": [
            8.25,
            7.75,
            7.75,
            8.25
          ],
          "texture": "#0"
        }
      }
    },
    {
      "from": [
        6,
        4,
        19
      ],
      "to": [
        10,
        6.6,
        22
      ],
      "rotation": {
        "angle": 0,
        "axis": "y",
        "origin": [
          6,
          4,
          19
        ]
      },
      "faces": {
        "north": {
          "uv": [
            2,
            6.75,
            3,
            7.5
          ],
          "texture": "#0"
        },
        "east": {
          "uv": [
            4,
            7.25,
            4.75,
            8
          ],
          "texture": "#0"
        },
        "south": {
          "uv": [
            6.75,
            2,
            7.75,
            2.75
          ],
          "texture": "#0"
        },
        "west": {
          "uv": [
            0,
            7.5,
            0.75,
            8.25
          ],
          "texture": "#0"
        },
        "up": {
          "uv": [
            7.75,
            3.5,
            6.75,
            2.75
          ],
          "texture": "#0"
        },
        "down": {
          "uv": [
            4,
            6.75,
            3,
            7.5
          ],
          "texture": "#0"
        }
      }
    },
    {
      "from": [
        6,
        4,
        15
      ],
      "to": [
        10,
        7,
        19
      ],
      "rotation": {
        "angle": 0,
        "axis": "y",
        "origin": [
          6,
          4,
          15
        ]
      },
      "faces": {
        "north": {
          "uv": [
            6.75,
            5.5,
            7.75,
            6.25
          ],
          "texture": "#0"
        },
        "east": {
          "uv": [
            7,
            3.5,
            8,
            4.25
          ],
          "texture": "#0"
        },
        "south": {
          "uv": [
            7,
            4.25,
            8,
            5
          ],
          "texture": "#0"
        },
        "west": {
          "uv": [
            5,
            7,
            6,
            7.75
          ],
          "texture": "#0"
        },
        "up": {
          "uv": [
            1,
            7.5,
            0,
            6.5
          ],
          "texture": "#0"
        },
        "down": {
          "uv": [
            2,
            6.5,
            1,
            7.5
          ],
          "texture": "#0"
        }
      }
    },
    {
      "from": [
        6.05,
        5.05,
        -9.95
      ],
      "to": [
        9.95,
        6.95,
        15.95
      ],
      "rotation": {
        "angle": 0,
        "axis": "y",
        "origin": [
          6,
          5,
          -10
        ]
      },
      "faces": {
        "north": {
          "uv": [
            7.75,
            2,
            8.75,
            2.5
          ],
          "texture": "#0"
        },
        "east": {
          "uv": [
            4,
            0,
            10.5,
            0.5
          ],
          "texture": "#0"
        },
        "south": {
          "uv": [
            7.75,
            2.5,
            8.75,
            3
          ],
          "texture": "#0"
        },
        "west": {
          "uv": [
            4,
            0.5,
            10.5,
            1
          ],
          "texture": "#0"
        },
        "up": {
          "uv": [
            1,
            6.5,
            0,
            0
          ],
          "texture": "#0"
        },
        "down": {
          "uv": [
            2,
            0,
            1,
            6.5
          ],
          "texture": "#0"
        }
      }
    },
    {
      "from": [
        5.9,
        3.9,
        -2.1
      ],
      "to": [
        10.1,
        6.1,
        15.1
      ],
      "rotation": {
        "angle": 0,
        "axis": "y",
        "origin": [
          6,
          4,
          -2
        ]
      },
      "faces": {
        "north": {
          "uv": [
            7.75,
            3,
            8.75,
            3.5
          ],
          "texture": "#0"
        },
        "east": {
          "uv": [
            4,
            1,
            8.25,
            1.5
          ],
          "texture": "#0"
        },
        "south": {
          "uv": [
            4.75,
            7.75,
            5.75,
            8.25
          ],
          "texture": "#0"
        },
        "west": {
          "uv": [
            4,
            1.5,
            8.25,
            2
          ],
          "texture": "#0"
        },
        "up": {
          "uv": [
            3,
            4.25,
            2,
            0
          ],
          "texture": "#0"
        },
        "down": {
          "uv": [
            4,
            0,
            3,
            4.25
          ],
          "texture": "#0"
        }
      }
    },
    {
      "from": [
        5.9,
        4.4,
        -15.1
      ],
      "to": [
        10.1,
        7.6,
        -7.9
      ],
      "rotation": {
        "angle": 0,
        "axis": "y",
        "origin": [
          6,
          4,
          -15
        ]
      },
      "faces": {
        "north": {
          "uv": [
            6,
            7,
            7,
            7.75
          ],
          "texture": "#0"
        },
        "east": {
          "uv": [
            5,
            5.75,
            6.75,
            6.5
          ],
          "texture": "#0"
        },
        "south": {
          "uv": [
            7,
            7,
            8,
            7.75
          ],
          "texture": "#0"
        },
        "west": {
          "uv": [
            2,
            6,
            3.75,
            6.75
          ],
          "texture": "#0"
        },
        "up": {
          "uv": [
            4,
            6,
            3,
            4.25
          ],
          "texture": "#0"
        },
        "down": {
          "uv": [
            6,
            4,
            5,
            5.75
          ],
          "texture": "#0"
        }
      }
    },
    {
      "from": [
        7,
        2,
        16
      ],
      "to": [
        9,
        4,
        16.7
      ],
      "rotation": {
        "angle": 0,
        "axis": "y",
        "origin": [
          7,
          2,
          16
        ]
      },
      "faces": {
        "north": {
          "uv": [
            0.75,
            8,
            1.25,
            8.5
          ],
          "texture": "#0"
        },
        "east": {
          "uv": [
            5.75,
            3.5,
            6,
            4
          ],
          "texture": "#0"
        },
        "south": {
          "uv": [
            1.25,
            8,
            1.75,
            8.5
          ],
          "texture": "#0"
        },
        "west": {
          "uv": [
            4.75,
            7.25,
            5,
            7.75
          ],
          "texture": "#0"
        },
        "up": {
          "uv": [
            8,
            6.5,
            7.5,
            6.25
          ],
          "texture": "#0"
        },
        "down": {
          "uv": [
            4.75,
            8,
            4.25,
            8.25
          ],
          "texture": "#0"
        }
      }
    },
    {
      "from": [
        6.999,
        1.999,
        12.999
      ],
      "to": [
        9.001,
        5.001,
        13.701
      ],
      "rotation": {
        "angle": -45,
        "axis": "x",
        "origin": [
          7,
          2,
          13
        ]
      },
      "faces": {
        "north": {
          "uv": [
            6.25,
            7.75,
            6.75,
            8.5
          ],
          "texture": "#0"
        },
        "east": {
          "uv": [
            3.75,
            6,
            4,
            6.75
          ],
          "texture": "#0"
        },
        "south": {
          "uv": [
            6.75,
            7.75,
            7.25,
            8.5
          ],
          "texture": "#0"
        },
        "west": {
          "uv": [
            8,
            4,
            8.25,
            4.75
          ],
          "texture": "#0"
        },
        "up": {
          "uv": [
            8.5,
            5.5,
            8,
            5.25
          ],
          "texture": "#0"
        },
        "down": {
          "uv": [
            8.5,
            6.25,
            8,
            6.5
          ],
          "texture": "#0"
        }
      }
    },
    {
      "from": [
        7,
        2,
        13
      ],
      "to": [
        9,
        2.7,
        16
      ],
      "rotation": {
        "angle": 0,
        "axis": "x",
        "origin": [
          7,
          2,
          15
        ]
      },
      "faces": {
        "north": {
          "uv": [
            8,
            4.75,
            8.5,
            5
          ],
          "texture": "#0"
        },
        "east": {
          "uv": [
            6,
            5.5,
            6.75,
            5.75
          ],
          "texture": "#0"
        },
        "south": {
          "uv": [
            8,
            5,
            8.5,
            5.25
          ],
          "texture": "#0"
        },
        "west": {
          "uv": [
            6.75,
            6.25,
            7.5,
            6.5
          ],
          "texture": "#0"
        },
        "up": {
          "uv": [
            8.25,
            6.25,
            7.75,
            5.5
          ],
          "texture": "#0"
        },
        "down": {
          "uv": [
            6.25,
            7.75,
            5.75,
            8.5
          ],
          "texture": "#0"
        }
      }
    },
    {
      "from": [
        7,
        3,
        15
      ],
      "to": [
        9,
        3.5,
        17
      ],
      "rotation": {
        "angle": -45,
        "axis": "x",
        "origin": [
          7,
          3,
          15
        ]
      },
      "faces": {
        "north": {
          "uv": [
            8,
            6.5,
            8.5,
            6.75
          ],
          "texture": "#0"
        },
        "east": {
          "uv": [
            8,
            6.75,
            8.5,
            7
          ],
          "texture": "#0"
        },
        "south": {
          "uv": [
            8,
            7,
            8.5,
            7.25
          ],
          "texture": "#0"
        },
        "west": {
          "uv": [
            8,
            7.25,
            8.5,
            7.5
          ],
          "texture": "#0"
        },
        "up": {
          "uv": [
            8.5,
            4,
            8,
            3.5
          ],
          "texture": "#0"
        },
        "down": {
          "uv": [
            4.25,
            8,
            3.75,
            8.5
          ],
          "texture": "#0"
        }
      }
    }
  ],
  "display": {
    "thirdperson_righthand": {
      "translation": [
        0,
        3,
        -4
      ],
      "scale": [
        0.7,
        0.7,
        0.75
      ]
    },
    "thirdperson_lefthand": {
      "translation": [
        0,
        3,
        -4
      ],
      "scale": [
        0.7,
        0.7,
        0.75
      ]
    },
    "firstperson_righthand": {
      "translation": [
        -0.25,
        5.75,
        -0.25
      ],
      "scale": [
        0.8,
        0.8,
        0.8
      ]
    },
    "firstperson_lefthand": {
      "translation": [
        -0.25,
        5.75,
        -0.2
      ],
      "scale": [
        0.8,
        0.8,
        0.8
      ]
    },
    "ground": {
      "translation": [
        0,
        5.25,
        0
      ],
      "scale": [
        0.7,
        0.7,
        0.75
      ]
    },
    "gui": {
      "rotation": [
        90,
        -49.75,
        90
      ],
      "translation": [
        -0.25,
        2,
        0
      ],
      "scale": [
        0.5,
        0.5,
        0.5
      ]
    },
    "head": {
      "translation": [
        0,
        2.5,
        -17.75
      ]
    },
    "fixed": {
      "rotation": [
        90,
        50.75,
        -90
      ],
      "translation": [
        0,
        3,
        0
      ]
    }
  }
}