{
  "format_version": "1.9.0",
  "credit": "Made with Blockbench",
  "parent": "lathil39",
  "texture_size": [
    64,
    64
  ],
  "elements": [
    {
      "from": [
        6.50075,
        -0.74925,
        26.75075
      ],
      "to": [
        9.49925,
        3.74925,
        28.24925
      ],
      "rotation": {
        "angle": -22.5,
        "axis": "x",
        "origin": [
          9.5,
          -0.75,
          28.25
        ]
      },
      "faces": {
        "north": {
          "uv": [
            1.5,
            4.75,
            2.25,
            6
          ],
          "texture": "#0"
        },
        "east": {
          "uv": [
            2.25,
            5.75,
            2.75,
            7
          ],
          "texture": "#0"
        },
        "south": {
          "uv": [
            5,
            2,
            5.75,
            3.25
          ],
          "texture": "#0"
        },
        "west": {
          "uv": [
            2.75,
            5.75,
            3.25,
            7
          ],
          "texture": "#0"
        },
        "up": {
          "uv": [
            8,
            2,
            7.25,
            1.5
          ],
          "texture": "#0"
        },
        "down": {
          "uv": [
            8,
            2,
            7.25,
            2.5
          ],
          "texture": "#0"
        }
      }
    },
    {
      "from": [
        6.5,
        2.25,
        24.5
      ],
      "to": [
        9.5,
        4.5,
        27.5
      ],
      "rotation": {
        "angle": 0,
        "axis": "y",
        "origin": [
          9.5,
          2.25,
          28.25
        ]
      },
      "faces": {
        "north": {
          "uv": [
            6.75,
            7,
            7.5,
            7.5
          ],
          "texture": "#0"
        },
        "east": {
          "uv": [
            7.25,
            0,
            8,
            0.5
          ],
          "texture": "#0"
        },
        "south": {
          "uv": [
            7.25,
            0.5,
            8,
            1
          ],
          "texture": "#0"
        },
        "west": {
          "uv": [
            7.25,
            1,
            8,
            1.5
          ],
          "texture": "#0"
        },
        "up": {
          "uv": [
            4.75,
            2.25,
            4,
            1.5
          ],
          "texture": "#0"
        },
        "down": {
          "uv": [
            7,
            4,
            6.25,
            4.75
          ],
          "texture": "#0"
        }
      }
    },
    {
      "from": [
        6.5,
        2.25,
        27.5
      ],
      "to": [
        9.5,
        5.25,
        32
      ],
      "rotation": {
        "angle": 0,
        "axis": "y",
        "origin": [
          9.5,
          2.25,
          31.25
        ]
      },
      "faces": {
        "north": {
          "uv": [
            6.25,
            4.75,
            7,
            5.5
          ],
          "texture": "#0"
        },
        "east": {
          "uv": [
            2.25,
            5,
            3.5,
            5.75
          ],
          "texture": "#0"
        },
        "south": {
          "uv": [
            6.25,
            5.5,
            7,
            6.25
          ],
          "texture": "#0"
        },
        "west": {
          "uv": [
            5,
            3.25,
            6.25,
            4
          ],
          "texture": "#0"
        },
        "up": {
          "uv": [
            4.25,
            6.25,
            3.5,
            5
          ],
          "texture": "#0"
        },
        "down": {
          "uv": [
            5.75,
            4,
            5,
            5.25
          ],
          "texture": "#0"
        }
      }
    },
    {
      "from": [
        6.4625,
        2.2125,
        16.9625
      ],
      "to": [
        9.5375,
        5.2875,
        24.5375
      ],
      "rotation": {
        "angle": 0,
        "axis": "y",
        "origin": [
          6.5,
          2.25,
          17
        ]
      },
      "faces": {
        "north": {
          "uv": [
            6.25,
            6.25,
            7,
            7
          ],
          "texture": "#0"
        },
        "east": {
          "uv": [
            1,
            2.25,
            2.75,
            3
          ],
          "texture": "#0"
        },
        "south": {
          "uv": [
            6.5,
            0,
            7.25,
            0.75
          ],
          "texture": "#0"
        },
        "west": {
          "uv": [
            2.75,
            2.25,
            4.5,
            3
          ],
          "texture": "#0"
        },
        "up": {
          "uv": [
            1.75,
            4.75,
            1,
            3
          ],
          "texture": "#0"
        },
        "down": {
          "uv": [
            2.5,
            3,
            1.75,
            4.75
          ],
          "texture": "#0"
        }
      }
    },
    {
      "from": [
        6.50075,
        3.75075,
        26.75075
      ],
      "to": [
        9.49925,
        5.39925,
        28.24925
      ],
      "rotation": {
        "angle": 22.5,
        "axis": "x",
        "origin": [
          6.5,
          3.75,
          26.75
        ]
      },
      "faces": {
        "north": {
          "uv": [
            7.25,
            2.5,
            8,
            3
          ],
          "texture": "#0"
        },
        "east": {
          "uv": [
            5.25,
            1.5,
            5.75,
            2
          ],
          "texture": "#0"
        },
        "south": {
          "uv": [
            7.25,
            3,
            8,
            3.5
          ],
          "texture": "#0"
        },
        "west": {
          "uv": [
            0.5,
            8,
            1,
            8.5
          ],
          "texture": "#0"
        },
        "up": {
          "uv": [
            2.25,
            8,
            1.5,
            7.5
          ],
          "texture": "#0"
        },
        "down": {
          "uv": [
            3,
            7.5,
            2.25,
            8
          ],
          "texture": "#0"
        }
      }
    },
    {
      "from": [
        6.50075,
        3.75075,
        23.75075
      ],
      "to": [
        9.49925,
        5.24925,
        25.24925
      ],
      "rotation": {
        "angle": 22.5,
        "axis": "x",
        "origin": [
          6.5,
          3.75,
          23.75
        ]
      },
      "faces": {
        "north": {
          "uv": [
            3,
            7.5,
            3.75,
            8
          ],
          "texture": "#0"
        },
        "east": {
          "uv": [
            8,
            0.75,
            8.5,
            1.25
          ],
          "texture": "#0"
        },
        "south": {
          "uv": [
            7.5,
            4.25,
            8.25,
            4.75
          ],
          "texture": "#0"
        },
        "west": {
          "uv": [
            8,
            1.25,
            8.5,
            1.75
          ],
          "texture": "#0"
        },
        "up": {
          "uv": [
            5.5,
            8,
            4.75,
            7.5
          ],
          "texture": "#0"
        },
        "down": {
          "uv": [
            8.25,
            4.75,
            7.5,
            5.25
          ],
          "texture": "#0"
        }
      }
    },
    {
      "from": [
        6.875,
        5.25,
        17.75
      ],
      "to": [
        9.125,
        9.25,
        23
      ],
      "rotation": {
        "angle": 0,
        "axis": "y",
        "origin": [
          6.5,
          5.25,
          17.75
        ]
      },
      "faces": {
        "north": {
          "uv": [
            3.75,
            6.25,
            4.25,
            7.25
          ],
          "texture": "#0"
        },
        "east": {
          "uv": [
            2.5,
            3,
            3.75,
            4
          ],
          "texture": "#0"
        },
        "south": {
          "uv": [
            5.75,
            6.5,
            6.25,
            7.5
          ],
          "texture": "#0"
        },
        "west": {
          "uv": [
            3.75,
            3,
            5,
            4
          ],
          "texture": "#0"
        },
        "up": {
          "uv": [
            6.25,
            5.25,
            5.75,
            4
          ],
          "texture": "#0"
        },
        "down": {
          "uv": [
            6.25,
            5.25,
            5.75,
            6.5
          ],
          "texture": "#0"
        }
      }
    },
    {
      "from": [
        6.87575,
        7.00075,
        18.16325
      ],
      "to": [
        9.12425,
        10.74925,
        23.41175
      ],
      "rotation": {
        "angle": -22.5,
        "axis": "x",
        "origin": [
          6.5,
          7,
          18.5
        ]
      },
      "faces": {
        "north": {
          "uv": [
            6.75,
            0.75,
            7.25,
            1.75
          ],
          "texture": "#0"
        },
        "east": {
          "uv": [
            2.5,
            4,
            3.75,
            5
          ],
          "texture": "#0"
        },
        "south": {
          "uv": [
            1,
            6.75,
            1.5,
            7.75
          ],
          "texture": "#0"
        },
        "west": {
          "uv": [
            3.75,
            4,
            5,
            5
          ],
          "texture": "#0"
        },
        "up": {
          "uv": [
            2,
            7.25,
            1.5,
            6
          ],
          "texture": "#0"
        },
        "down": {
          "uv": [
            6.75,
            1.5,
            6.25,
            2.75
          ],
          "texture": "#0"
        }
      }
    },
    {
      "from": [
        7.25,
        0.75,
        24.5
      ],
      "to": [
        8.75,
        1.5,
        26
      ],
      "rotation": {
        "angle": 0,
        "axis": "y",
        "origin": [
          7.25,
          0.75,
          24.5
        ]
      },
      "faces": {
        "north": {
          "uv": [
            7,
            6.75,
            7.5,
            7
          ],
          "texture": "#0"
        },
        "east": {
          "uv": [
            1.5,
            7.25,
            2,
            7.5
          ],
          "texture": "#0"
        },
        "south": {
          "uv": [
            7.25,
            3.5,
            7.75,
            3.75
          ],
          "texture": "#0"
        },
        "west": {
          "uv": [
            8.25,
            4.75,
            8.75,
            5
          ],
          "texture": "#0"
        },
        "up": {
          "uv": [
            2,
            8.5,
            1.5,
            8
          ],
          "texture": "#0"
        },
        "down": {
          "uv": [
            8.5,
            1.75,
            8,
            2.25
          ],
          "texture": "#0"
        }
      }
    },
    {
      "from": [
        7.25,
        1.65,
        25.25
      ],
      "to": [
        8.75,
        2.1,
        26.75
      ],
      "rotation": {
        "angle": -45,
        "axis": "x",
        "origin": [
          7.25,
          1.5,
          25.25
        ]
      },
      "faces": {
        "north": {
          "uv": [
            6.5,
            8.25,
            7,
            8.5
          ],
          "texture": "#0"
        },
        "east": {
          "uv": [
            7,
            8.25,
            7.5,
            8.5
          ],
          "texture": "#0"
        },
        "south": {
          "uv": [
            8.25,
            7.25,
            8.75,
            7.5
          ],
          "texture": "#0"
        },
        "west": {
          "uv": [
            8.25,
            7.5,
            8.75,
            7.75
          ],
          "texture": "#0"
        },
        "up": {
          "uv": [
            3,
            8.5,
            2.5,
            8
          ],
          "texture": "#0"
        },
        "down": {
          "uv": [
            8.5,
            2.75,
            8,
            3.25
          ],
          "texture": "#0"
        }
      }
    },
    {
      "from": [
        7.25,
        0.75,
        23.75
      ],
      "to": [
        8.75,
        2.25,
        24.5
      ],
      "rotation": {
        "angle": 0,
        "axis": "x",
        "origin": [
          7.25,
          0.75,
          24.5
        ]
      },
      "faces": {
        "north": {
          "uv": [
            2,
            8,
            2.5,
            8.5
          ],
          "texture": "#0"
        },
        "east": {
          "uv": [
            3.25,
            5.75,
            3.5,
            6.25
          ],
          "texture": "#0"
        },
        "south": {
          "uv": [
            8,
            2.25,
            8.5,
            2.75
          ],
          "texture": "#0"
        },
        "west": {
          "uv": [
            2,
            6,
            2.25,
            6.5
          ],
          "texture": "#0"
        },
        "up": {
          "uv": [
            8.75,
            5.25,
            8.25,
            5
          ],
          "texture": "#0"
        },
        "down": {
          "uv": [
            5.75,
            8.25,
            5.25,
            8.5
          ],
          "texture": "#0"
        }
      }
    },
    {
      "from": [
        6.9,
        2.2,
        9.9
      ],
      "to": [
        9.1,
        5.4,
        17.1
      ],
      "rotation": {
        "angle": 0,
        "axis": "y",
        "origin": [
          7,
          2,
          10
        ]
      },
      "faces": {
        "north": {
          "uv": [
            4.5,
            2.25,
            5,
            3
          ],
          "texture": "#0"
        },
        "east": {
          "uv": [
            3,
            0,
            4.75,
            0.75
          ],
          "texture": "#0"
        },
        "south": {
          "uv": [
            3.75,
            7.25,
            4.25,
            8
          ],
          "texture": "#0"
        },
        "west": {
          "uv": [
            3,
            0.75,
            4.75,
            1.5
          ],
          "texture": "#0"
        },
        "up": {
          "uv": [
            4.75,
            6.75,
            4.25,
            5
          ],
          "texture": "#0"
        },
        "down": {
          "uv": [
            0.5,
            5.25,
            0,
            7
          ],
          "texture": "#0"
        }
      }
    },
    {
      "from": [
        6.899,
        2.399,
        1.899
      ],
      "to": [
        9.101,
        5.201,
        10.101
      ],
      "rotation": {
        "angle": 0,
        "axis": "y",
        "origin": [
          7,
          2,
          2
        ]
      },
      "faces": {
        "north": {
          "uv": [
            5.5,
            7.5,
            6,
            8.25
          ],
          "texture": "#0"
        },
        "east": {
          "uv": [
            0,
            1.5,
            2,
            2.25
          ],
          "texture": "#0"
        },
        "south": {
          "uv": [
            7.5,
            5.75,
            8,
            6.5
          ],
          "texture": "#0"
        },
        "west": {
          "uv": [
            2,
            1.5,
            4,
            2.25
          ],
          "texture": "#0"
        },
        "up": {
          "uv": [
            5.25,
            2,
            4.75,
            0
          ],
          "texture": "#0"
        },
        "down": {
          "uv": [
            1.5,
            4.75,
            1,
            6.75
          ],
          "texture": "#0"
        }
      }
    },
    {
      "from": [
        6.8,
        2.3,
        -10.2
      ],
      "to": [
        9.2,
        5.3,
        2.2
      ],
      "rotation": {
        "angle": 0,
        "axis": "y",
        "origin": [
          7,
          2,
          -11
        ]
      },
      "faces": {
        "north": {
          "uv": [
            7.5,
            6.5,
            8,
            7.25
          ],
          "texture": "#0"
        },
        "east": {
          "uv": [
            0,
            0,
            3,
            0.75
          ],
          "texture": "#0"
        },
        "south": {
          "uv": [
            6.75,
            7.5,
            7.25,
            8.25
          ],
          "texture": "#0"
        },
        "west": {
          "uv": [
            0,
            0.75,
            3,
            1.5
          ],
          "texture": "#0"
        },
        "up": {
          "uv": [
            0.5,
            5.25,
            0,
            2.25
          ],
          "texture": "#0"
        },
        "down": {
          "uv": [
            1,
            2.25,
            0.5,
            5.25
          ],
          "texture": "#0"
        }
      }
    },
    {
      "from": [
        7,
        2.5,
        -15
      ],
      "to": [
        9,
        5.1,
        -10
      ],
      "rotation": {
        "angle": 0,
        "axis": "y",
        "origin": [
          7,
          2,
          -15
        ]
      },
      "faces": {
        "north": {
          "uv": [
            7.25,
            7.5,
            7.75,
            8.25
          ],
          "texture": "#0"
        },
        "east": {
          "uv": [
            5.25,
            0,
            6.5,
            0.75
          ],
          "texture": "#0"
        },
        "south": {
          "uv": [
            1,
            7.75,
            1.5,
            8.5
          ],
          "texture": "#0"
        },
        "west": {
          "uv": [
            5.25,
            0.75,
            6.5,
            1.5
          ],
          "texture": "#0"
        },
        "up": {
          "uv": [
            6.75,
            4,
            6.25,
            2.75
          ],
          "texture": "#0"
        },
        "down": {
          "uv": [
            3.75,
            6.25,
            3.25,
            7.5
          ],
          "texture": "#0"
        }
      }
    },
    {
      "from": [
        6.9,
        2.4,
        -12.1
      ],
      "to": [
        9.1,
        5.2,
        -9.9
      ],
      "rotation": {
        "angle": 0,
        "axis": "y",
        "origin": [
          7,
          2,
          -12
        ]
      },
      "faces": {
        "north": {
          "uv": [
            4.25,
            7.75,
            4.75,
            8.5
          ],
          "texture": "#0"
        },
        "east": {
          "uv": [
            7.75,
            7.25,
            8.25,
            8
          ],
          "texture": "#0"
        },
        "south": {
          "uv": [
            0,
            8,
            0.5,
            8.75
          ],
          "texture": "#0"
        },
        "west": {
          "uv": [
            8,
            0,
            8.5,
            0.75
          ],
          "texture": "#0"
        },
        "up": {
          "uv": [
            3.5,
            8.5,
            3,
            8
          ],
          "texture": "#0"
        },
        "down": {
          "uv": [
            8.5,
            3.25,
            8,
            3.75
          ],
          "texture": "#0"
        }
      }
    },
    {
      "from": [
        4.5,
        0,
        2
      ],
      "to": [
        6,
        7,
        4
      ],
      "rotation": {
        "angle": 45,
        "axis": "x",
        "origin": [
          5,
          0,
          2
        ]
      },
      "faces": {
        "north": {
          "uv": [
            0,
            0,
            0.375,
            1.75
          ],
          "texture": "#0"
        },
        "east": {
          "uv": [
            0,
            0,
            0.5,
            1.75
          ],
          "texture": "#0"
        },
        "south": {
          "uv": [
            0,
            0,
            0.375,
            1.75
          ],
          "texture": "#0"
        },
        "west": {
          "uv": [
            0,
            0,
            0.5,
            1.75
          ],
          "texture": "#0"
        },
        "up": {
          "uv": [
            0,
            0,
            0.375,
            0.5
          ],
          "texture": "#0"
        },
        "down": {
          "uv": [
            0,
            0,
            0.375,
            0.5
          ],
          "texture": "#0"
        }
      }
    },
    {
      "from": [
        10,
        0,
        2
      ],
      "to": [
        11.5,
        7,
        4
      ],
      "rotation": {
        "angle": 45,
        "axis": "x",
        "origin": [
          11,
          0,
          2
        ]
      },
      "faces": {
        "north": {
          "uv": [
            0.5,
            5.25,
            1,
            7
          ],
          "texture": "#0"
        },
        "east": {
          "uv": [
            4.75,
            5.25,
            5.25,
            7
          ],
          "texture": "#0"
        },
        "south": {
          "uv": [
            5.25,
            5.25,
            5.75,
            7
          ],
          "texture": "#0"
        },
        "west": {
          "uv": [
            5.75,
            1.5,
            6.25,
            3.25
          ],
          "texture": "#0"
        },
        "up": {
          "uv": [
            4,
            8.5,
            3.5,
            8
          ],
          "texture": "#0"
        },
        "down": {
          "uv": [
            8.5,
            3.75,
            8,
            4.25
          ],
          "texture": "#0"
        }
      }
    },
    {
      "from": [
        4.501,
        -0.999,
        0.001
      ],
      "to": [
        5.999,
        1.199,
        3.999
      ],
      "rotation": {
        "angle": 45,
        "axis": "x",
        "origin": [
          5,
          -1,
          0
        ]
      },
      "faces": {
        "north": {
          "uv": [
            0,
            0,
            0.375,
            0.55
          ],
          "texture": "#0"
        },
        "east": {
          "uv": [
            0,
            0,
            1,
            0.55
          ],
          "texture": "#0"
        },
        "south": {
          "uv": [
            0,
            0,
            0.375,
            0.55
          ],
          "texture": "#0"
        },
        "west": {
          "uv": [
            0,
            0,
            1,
            0.55
          ],
          "texture": "#0"
        },
        "up": {
          "uv": [
            0,
            0,
            0.375,
            1
          ],
          "texture": "#0"
        },
        "down": {
          "uv": [
            0,
            0,
            0.375,
            1
          ],
          "texture": "#0"
        }
      }
    },
    {
      "from": [
        4.502,
        -3.498,
        3.002
      ],
      "to": [
        5.998,
        -1.302,
        6.998
      ],
      "rotation": {
        "angle": 0,
        "axis": "x",
        "origin": [
          5,
          -4,
          2
        ]
      },
      "faces": {
        "north": {
          "uv": [
            0,
            0,
            0.375,
            0.55
          ],
          "texture": "#0"
        },
        "east": {
          "uv": [
            0,
            0,
            1,
            0.55
          ],
          "texture": "#0"
        },
        "south": {
          "uv": [
            0,
            0,
            0.375,
            0.55
          ],
          "texture": "#0"
        },
        "west": {
          "uv": [
            0,
            0,
            1,
            0.55
          ],
          "texture": "#0"
        },
        "up": {
          "uv": [
            0,
            0,
            0.375,
            1
          ],
          "texture": "#0"
        },
        "down": {
          "uv": [
            0,
            0,
            0.375,
            1
          ],
          "texture": "#0"
        }
      }
    },
    {
      "from": [
        4.502,
        -0.998,
        0.002
      ],
      "to": [
        5.998,
        2.998,
        2.198
      ],
      "rotation": {
        "angle": 0,
        "axis": "x",
        "origin": [
          5,
          4,
          -1
        ]
      },
      "faces": {
        "north": {
          "uv": [
            0,
            0,
            0.375,
            1
          ],
          "rotation": 180,
          "texture": "#0"
        },
        "east": {
          "uv": [
            0,
            0,
            1,
            0.55
          ],
          "rotation": 270,
          "texture": "#0"
        },
        "south": {
          "uv": [
            0,
            0,
            0.375,
            1
          ],
          "texture": "#0"
        },
        "west": {
          "uv": [
            0,
            0,
            1,
            0.55
          ],
          "rotation": 90,
          "texture": "#0"
        },
        "up": {
          "uv": [
            0,
            0,
            0.375,
            0.55
          ],
          "rotation": 180,
          "texture": "#0"
        },
        "down": {
          "uv": [
            0,
            0,
            0.375,
            0.55
          ],
          "texture": "#0"
        }
      }
    },
    {
      "from": [
        10.002,
        -0.998,
        0.002
      ],
      "to": [
        11.498,
        2.998,
        2.198
      ],
      "rotation": {
        "angle": 0,
        "axis": "x",
        "origin": [
          11,
          4,
          -1
        ]
      },
      "faces": {
        "north": {
          "uv": [
            6.75,
            1.75,
            7.25,
            2.75
          ],
          "texture": "#0"
        },
        "east": {
          "uv": [
            6.75,
            2.75,
            7.25,
            3.75
          ],
          "texture": "#0"
        },
        "south": {
          "uv": [
            4.25,
            6.75,
            4.75,
            7.75
          ],
          "texture": "#0"
        },
        "west": {
          "uv": [
            0,
            7,
            0.5,
            8
          ],
          "texture": "#0"
        },
        "up": {
          "uv": [
            5.25,
            8.5,
            4.75,
            8
          ],
          "texture": "#0"
        },
        "down": {
          "uv": [
            8.5,
            5.25,
            8,
            5.75
          ],
          "texture": "#0"
        }
      }
    },
    {
      "from": [
        10.001,
        -0.999,
        0.001
      ],
      "to": [
        11.499,
        1.199,
        3.999
      ],
      "rotation": {
        "angle": 45,
        "axis": "x",
        "origin": [
          11,
          -1,
          0
        ]
      },
      "faces": {
        "north": {
          "uv": [
            8,
            5.75,
            8.5,
            6.25
          ],
          "texture": "#0"
        },
        "east": {
          "uv": [
            2,
            7,
            3,
            7.5
          ],
          "texture": "#0"
        },
        "south": {
          "uv": [
            6,
            8,
            6.5,
            8.5
          ],
          "texture": "#0"
        },
        "west": {
          "uv": [
            7,
            3.75,
            8,
            4.25
          ],
          "texture": "#0"
        },
        "up": {
          "uv": [
            1,
            8,
            0.5,
            7
          ],
          "texture": "#0"
        },
        "down": {
          "uv": [
            7.5,
            4.25,
            7,
            5.25
          ],
          "texture": "#0"
        }
      }
    },
    {
      "from": [
        10.002,
        -3.498,
        3.002
      ],
      "to": [
        11.498,
        -1.302,
        6.998
      ],
      "rotation": {
        "angle": 0,
        "axis": "x",
        "origin": [
          11,
          -4,
          2
        ]
      },
      "faces": {
        "north": {
          "uv": [
            8,
            6.25,
            8.5,
            6.75
          ],
          "texture": "#0"
        },
        "east": {
          "uv": [
            4.75,
            7,
            5.75,
            7.5
          ],
          "texture": "#0"
        },
        "south": {
          "uv": [
            8,
            6.75,
            8.5,
            7.25
          ],
          "texture": "#0"
        },
        "west": {
          "uv": [
            7,
            5.25,
            8,
            5.75
          ],
          "texture": "#0"
        },
        "up": {
          "uv": [
            7.5,
            6.75,
            7,
            5.75
          ],
          "texture": "#0"
        },
        "down": {
          "uv": [
            6.75,
            7,
            6.25,
            8
          ],
          "texture": "#0"
        }
      }
    },
    {
      "from": [
        7.75,
        1,
        -12
      ],
      "to": [
        8.25,
        3,
        -10.6
      ],
      "rotation": {
        "angle": 22.5,
        "axis": "x",
        "origin": [
          7,
          1,
          -12
        ]
      },
      "faces": {
        "north": {
          "uv": [
            6.5,
            0.75,
            6.75,
            1.25
          ],
          "texture": "#0"
        },
        "east": {
          "uv": [
            2,
            6.5,
            2.25,
            7
          ],
          "texture": "#0"
        },
        "south": {
          "uv": [
            3,
            7,
            3.25,
            7.5
          ],
          "texture": "#0"
        },
        "west": {
          "uv": [
            6,
            7.5,
            6.25,
            8
          ],
          "texture": "#0"
        },
        "up": {
          "uv": [
            5,
            2.25,
            4.75,
            2
          ],
          "texture": "#0"
        },
        "down": {
          "uv": [
            2.5,
            4.75,
            2.25,
            5
          ],
          "texture": "#0"
        }
      }
    },
    {
      "from": [
        7.75,
        5,
        7
      ],
      "to": [
        8.25,
        5.5,
        8.4
      ],
      "rotation": {
        "angle": 0,
        "axis": "x",
        "origin": [
          7,
          5,
          7
        ]
      },
      "faces": {
        "north": {
          "uv": [
            4.75,
            5,
            5,
            5.25
          ],
          "texture": "#0"
        },
        "east": {
          "uv": [
            6.5,
            1.25,
            6.75,
            1.5
          ],
          "texture": "#0"
        },
        "south": {
          "uv": [
            6.75,
            3.75,
            7,
            4
          ],
          "texture": "#0"
        },
        "west": {
          "uv": [
            7.5,
            7.25,
            7.75,
            7.5
          ],
          "texture": "#0"
        },
        "up": {
          "uv": [
            8,
            3.75,
            7.75,
            3.5
          ],
          "texture": "#0"
        },
        "down": {
          "uv": [
            5.5,
            8,
            5.25,
            8.25
          ],
          "texture": "#0"
        }
      }
    },
    {
      "from": [
        7.75,
        5,
        -6
      ],
      "to": [
        8.25,
        5.5,
        -4.6
      ],
      "rotation": {
        "angle": 0,
        "axis": "y",
        "origin": [
          7,
          5,
          -6
        ]
      },
      "faces": {
        "north": {
          "uv": [
            6.5,
            8,
            6.75,
            8.25
          ],
          "texture": "#0"
        },
        "east": {
          "uv": [
            8.25,
            8.25,
            8.5,
            8.5
          ],
          "texture": "#0"
        },
        "south": {
          "uv": [
            8.5,
            0,
            8.75,
            0.25
          ],
          "texture": "#0"
        },
        "west": {
          "uv": [
            8.5,
            0.25,
            8.75,
            0.5
          ],
          "texture": "#0"
        },
        "up": {
          "uv": [
            0.75,
            8.75,
            0.5,
            8.5
          ],
          "texture": "#0"
        },
        "down": {
          "uv": [
            8.75,
            0.5,
            8.5,
            0.75
          ],
          "texture": "#0"
        }
      }
    },
    {
      "from": [
        7.75,
        5,
        0
      ],
      "to": [
        8.25,
        5.5,
        1.4
      ],
      "rotation": {
        "angle": 0,
        "axis": "y",
        "origin": [
          7,
          5,
          0
        ]
      },
      "faces": {
        "north": {
          "uv": [
            0.75,
            8.5,
            1,
            8.75
          ],
          "texture": "#0"
        },
        "east": {
          "uv": [
            8.5,
            0.75,
            8.75,
            1
          ],
          "texture": "#0"
        },
        "south": {
          "uv": [
            1,
            8.5,
            1.25,
            8.75
          ],
          "texture": "#0"
        },
        "west": {
          "uv": [
            8.5,
            1,
            8.75,
            1.25
          ],
          "texture": "#0"
        },
        "up": {
          "uv": [
            1.5,
            8.75,
            1.25,
            8.5
          ],
          "texture": "#0"
        },
        "down": {
          "uv": [
            8.75,
            1.25,
            8.5,
            1.5
          ],
          "texture": "#0"
        }
      }
    },
    {
      "from": [
        6,
        3,
        5.25
      ],
      "to": [
        7,
        4.7,
        7.25
      ],
      "rotation": {
        "angle": 45,
        "axis": "x",
        "origin": [
          6,
          3,
          6
        ]
      },
      "faces": {
        "north": {
          "uv": [
            0,
            0,
            0.25,
            0.425
          ],
          "texture": "#0"
        },
        "east": {
          "uv": [
            0,
            0,
            0.5,
            0.425
          ],
          "texture": "#0"
        },
        "south": {
          "uv": [
            0,
            0,
            0.25,
            0.425
          ],
          "texture": "#0"
        },
        "west": {
          "uv": [
            0,
            0,
            0.5,
            0.425
          ],
          "texture": "#0"
        },
        "up": {
          "uv": [
            0,
            0,
            0.25,
            0.5
          ],
          "texture": "#0"
        },
        "down": {
          "uv": [
            0,
            0,
            0.25,
            0.5
          ],
          "texture": "#0"
        }
      }
    },
    {
      "from": [
        9,
        3,
        5.25
      ],
      "to": [
        10,
        4.7,
        7.25
      ],
      "rotation": {
        "angle": 45,
        "axis": "x",
        "origin": [
          10,
          3,
          6
        ]
      },
      "faces": {
        "north": {
          "uv": [
            4,
            8,
            4.25,
            8.5
          ],
          "texture": "#0"
        },
        "east": {
          "uv": [
            7.75,
            8,
            8.25,
            8.5
          ],
          "texture": "#0"
        },
        "south": {
          "uv": [
            5.75,
            8.25,
            6,
            8.75
          ],
          "texture": "#0"
        },
        "west": {
          "uv": [
            8.25,
            4.25,
            8.75,
            4.75
          ],
          "texture": "#0"
        },
        "up": {
          "uv": [
            7.75,
            8.75,
            7.5,
            8.25
          ],
          "texture": "#0"
        },
        "down": {
          "uv": [
            8.5,
            7.75,
            8.25,
            8.25
          ],
          "texture": "#0"
        }
      }
    }
  ],
  "display": {
    "thirdperson_righthand": {
      "translation": [
        0,
        5.5,
        -16
      ],
      "scale": [
        0.9,
        0.9,
        1
      ]
    },
    "thirdperson_lefthand": {
      "translation": [
        0,
        5.5,
        -16
      ],
      "scale": [
        0.9,
        0.9,
        1
      ]
    },
    "firstperson_righthand": {
      "translation": [
        -1.5,
        7.75,
        -9.5
      ]
    },
    "firstperson_lefthand": {
      "translation": [
        -1.5,
        7.75,
        -9.5
      ]
    },
    "ground": {
      "translation": [
        0,
        9,
        0
      ]
    },
    "gui": {
      "rotation": [
        90,
        -49.5,
        90
      ],
      "translation": [
        -0.75,
        2.5,
        0
      ],
      "scale": [
        0.5,
        0.5,
        0.6
      ]
    },
    "fixed": {
      "rotation": [
        91.02,
        42.21,
        -90.66
      ],
      "translation": [
        0,
        3,
        0
      ]
    }
  }
}