{
  "format_version": "1.9.0",
  "credit": "Made with Blockbench",
  "parent": "m16",
  "texture_size": [
    32,
    32
  ],
  "elements": [
    {
      "from": [
        6.94,
        1.06,
        -0.48
      ],
      "to": [
        9.06,
        7.42,
        1.64
      ],
      "rotation": {
        "angle": 22.5,
        "axis": "x",
        "origin": [
          6.94,
          1.06,
          -0.48
        ]
      },
      "faces": {
        "north": {
          "uv": [
            6,
            0,
            7,
            3
          ],
          "texture": "#0"
        },
        "east": {
          "uv": [
            6,
            3,
            7,
            6
          ],
          "texture": "#0"
        },
        "south": {
          "uv": [
            6,
            6,
            7,
            9
          ],
          "texture": "#0"
        },
        "west": {
          "uv": [
            7,
            0,
            8,
            3
          ],
          "texture": "#0"
        },
        "up": {
          "uv": [
            2,
            12,
            1,
            11
          ],
          "texture": "#0"
        },
        "down": {
          "uv": [
            12,
            3,
            11,
            4
          ],
          "texture": "#0"
        }
      }
    },
    {
      "from": [
        6.93894,
        5.29894,
        1.63894
      ],
      "to": [
        9.06106,
        9.54106,
        12.12106
      ],
      "rotation": {
        "angle": 0,
        "axis": "y",
        "origin": [
          6.94,
          4.24,
          1.64
        ]
      },
      "faces": {
        "north": {
          "uv": [
            8,
            8.5,
            9,
            10.5
          ],
          "texture": "#0"
        },
        "east": {
          "uv": [
            0,
            0,
            5,
            2
          ],
          "texture": "#0"
        },
        "south": {
          "uv": [
            0,
            9,
            1,
            11
          ],
          "texture": "#0"
        },
        "west": {
          "uv": [
            0,
            2,
            5,
            4
          ],
          "texture": "#0"
        },
        "up": {
          "uv": [
            1,
            9,
            0,
            4
          ],
          "texture": "#0"
        },
        "down": {
          "uv": [
            2,
            4,
            1,
            9
          ],
          "texture": "#0"
        }
      }
    },
    {
      "from": [
        6.94,
        7.42,
        -1.54
      ],
      "to": [
        9.06,
        9.328,
        1.64
      ],
      "rotation": {
        "angle": 0,
        "axis": "y",
        "origin": [
          6.94,
          7.42,
          -0.48
        ]
      },
      "faces": {
        "north": {
          "uv": [
            3.5,
            11,
            4.5,
            12
          ],
          "texture": "#0"
        },
        "east": {
          "uv": [
            9,
            6,
            10.5,
            7
          ],
          "texture": "#0"
        },
        "south": {
          "uv": [
            11,
            4,
            12,
            5
          ],
          "texture": "#0"
        },
        "west": {
          "uv": [
            9.5,
            7,
            11,
            8
          ],
          "texture": "#0"
        },
        "up": {
          "uv": [
            3,
            11.5,
            2,
            10
          ],
          "texture": "#0"
        },
        "down": {
          "uv": [
            11,
            3,
            10,
            4.5
          ],
          "texture": "#0"
        }
      }
    },
    {
      "from": [
        6.93894,
        6.35894,
        -4.72106
      ],
      "to": [
        9.06106,
        9.54106,
        -1.53894
      ],
      "rotation": {
        "angle": 0,
        "axis": "y",
        "origin": [
          6.94,
          7.42,
          -3.66
        ]
      },
      "faces": {
        "north": {
          "uv": [
            10,
            4.5,
            11,
            6
          ],
          "texture": "#0"
        },
        "east": {
          "uv": [
            4.5,
            8,
            6,
            9.5
          ],
          "texture": "#0"
        },
        "south": {
          "uv": [
            7,
            10,
            8,
            11.5
          ],
          "texture": "#0"
        },
        "west": {
          "uv": [
            8,
            7,
            9.5,
            8.5
          ],
          "texture": "#0"
        },
        "up": {
          "uv": [
            11,
            9.5,
            10,
            8
          ],
          "texture": "#0"
        },
        "down": {
          "uv": [
            11,
            9.5,
            10,
            11
          ],
          "texture": "#0"
        }
      }
    },
    {
      "from": [
        6.94,
        5.3,
        -6.84
      ],
      "to": [
        9.06,
        9.54,
        -4.72
      ],
      "rotation": {
        "angle": 0,
        "axis": "y",
        "origin": [
          6.94,
          7.42,
          -6.84
        ]
      },
      "faces": {
        "north": {
          "uv": [
            1,
            9,
            2,
            11
          ],
          "texture": "#0"
        },
        "east": {
          "uv": [
            9,
            4,
            10,
            6
          ],
          "texture": "#0"
        },
        "south": {
          "uv": [
            6,
            9,
            7,
            11
          ],
          "texture": "#0"
        },
        "west": {
          "uv": [
            9,
            8.5,
            10,
            10.5
          ],
          "texture": "#0"
        },
        "up": {
          "uv": [
            12,
            6,
            11,
            5
          ],
          "texture": "#0"
        },
        "down": {
          "uv": [
            7,
            11,
            6,
            12
          ],
          "texture": "#0"
        }
      }
    },
    {
      "from": [
        6.941,
        9.541,
        1.641
      ],
      "to": [
        9.059,
        12.659,
        2.699
      ],
      "rotation": {
        "angle": 0,
        "axis": "y",
        "origin": [
          6.94,
          9.54,
          1.64
        ]
      },
      "faces": {
        "north": {
          "uv": [
            11,
            6.5,
            12,
            7.5
          ],
          "texture": "#0"
        },
        "east": {
          "uv": [
            12,
            2,
            12.5,
            3
          ],
          "texture": "#0"
        },
        "south": {
          "uv": [
            11,
            7.5,
            12,
            8.5
          ],
          "texture": "#0"
        },
        "west": {
          "uv": [
            12,
            3,
            12.5,
            4
          ],
          "texture": "#0"
        },
        "up": {
          "uv": [
            4.5,
            12.5,
            3.5,
            12
          ],
          "texture": "#0"
        },
        "down": {
          "uv": [
            13,
            4,
            12,
            4.5
          ],
          "texture": "#0"
        }
      }
    },
    {
      "from": [
        6.94,
        8.162,
        1.64
      ],
      "to": [
        9.06,
        8.904,
        10.12
      ],
      "rotation": {
        "angle": 22.5,
        "axis": "x",
        "origin": [
          6.94,
          9.54,
          11.18
        ]
      },
      "faces": {
        "north": {
          "uv": [
            12,
            4.5,
            13,
            5
          ],
          "texture": "#0"
        },
        "east": {
          "uv": [
            8,
            2,
            12,
            2.5
          ],
          "texture": "#0"
        },
        "south": {
          "uv": [
            12,
            5,
            13,
            5.5
          ],
          "texture": "#0"
        },
        "west": {
          "uv": [
            8,
            2.5,
            12,
            3
          ],
          "texture": "#0"
        },
        "up": {
          "uv": [
            6,
            4,
            5,
            0
          ],
          "texture": "#0"
        },
        "down": {
          "uv": [
            6,
            4,
            5,
            8
          ],
          "texture": "#0"
        }
      }
    },
    {
      "from": [
        7.47,
        7.42,
        12.12
      ],
      "to": [
        8.53,
        8.48,
        13.18
      ],
      "rotation": {
        "angle": 0,
        "axis": "y",
        "origin": [
          5.88,
          8.48,
          12.12
        ]
      },
      "faces": {
        "north": {
          "uv": [
            6.5,
            12,
            7,
            12.5
          ],
          "texture": "#0"
        },
        "east": {
          "uv": [
            12,
            8.5,
            12.5,
            9
          ],
          "texture": "#0"
        },
        "south": {
          "uv": [
            9,
            12,
            9.5,
            12.5
          ],
          "texture": "#0"
        },
        "west": {
          "uv": [
            12,
            9,
            12.5,
            9.5
          ],
          "texture": "#0"
        },
        "up": {
          "uv": [
            10,
            12.5,
            9.5,
            12
          ],
          "texture": "#0"
        },
        "down": {
          "uv": [
            12.5,
            9.5,
            12,
            10
          ],
          "texture": "#0"
        }
      }
    },
    {
      "from": [
        6.94,
        6.89,
        13.18
      ],
      "to": [
        9.06,
        9.116,
        19.54
      ],
      "rotation": {
        "angle": 0,
        "axis": "y",
        "origin": [
          6.94,
          8.48,
          13.18
        ]
      },
      "faces": {
        "north": {
          "uv": [
            11,
            8.5,
            12,
            9.5
          ],
          "texture": "#0"
        },
        "east": {
          "uv": [
            2,
            7,
            5,
            8
          ],
          "texture": "#0"
        },
        "south": {
          "uv": [
            11,
            9.5,
            12,
            10.5
          ],
          "texture": "#0"
        },
        "west": {
          "uv": [
            7,
            3,
            10,
            4
          ],
          "texture": "#0"
        },
        "up": {
          "uv": [
            8,
            7,
            7,
            4
          ],
          "texture": "#0"
        },
        "down": {
          "uv": [
            8,
            7,
            7,
            10
          ],
          "texture": "#0"
        }
      }
    },
    {
      "from": [
        7.47,
        7.42,
        19.54
      ],
      "to": [
        8.53,
        8.48,
        24.84
      ],
      "rotation": {
        "angle": 0,
        "axis": "y",
        "origin": [
          6.94,
          7.42,
          20.6
        ]
      },
      "faces": {
        "north": {
          "uv": [
            9.5,
            8,
            10,
            8.5
          ],
          "texture": "#0"
        },
        "east": {
          "uv": [
            10.5,
            1.5,
            13,
            2
          ],
          "texture": "#0"
        },
        "south": {
          "uv": [
            10.5,
            6.5,
            11,
            7
          ],
          "texture": "#0"
        },
        "west": {
          "uv": [
            10.5,
            6,
            13,
            6.5
          ],
          "texture": "#0"
        },
        "up": {
          "uv": [
            6,
            12,
            5.5,
            9.5
          ],
          "texture": "#0"
        },
        "down": {
          "uv": [
            3.5,
            10,
            3,
            12.5
          ],
          "texture": "#0"
        }
      }
    },
    {
      "from": [
        7.47,
        8.48,
        19.54
      ],
      "to": [
        8.53,
        11.13,
        20.6
      ],
      "rotation": {
        "angle": 0,
        "axis": "y",
        "origin": [
          6.94,
          8.48,
          19.54
        ]
      },
      "faces": {
        "north": {
          "uv": [
            4.5,
            11.5,
            5,
            13
          ],
          "texture": "#0"
        },
        "east": {
          "uv": [
            5,
            11.5,
            5.5,
            13
          ],
          "texture": "#0"
        },
        "south": {
          "uv": [
            7,
            11.5,
            7.5,
            13
          ],
          "texture": "#0"
        },
        "west": {
          "uv": [
            7.5,
            11.5,
            8,
            13
          ],
          "texture": "#0"
        },
        "up": {
          "uv": [
            10.5,
            12.5,
            10,
            12
          ],
          "texture": "#0"
        },
        "down": {
          "uv": [
            12.5,
            10,
            12,
            10.5
          ],
          "texture": "#0"
        }
      }
    },
    {
      "from": [
        7.47,
        10.07,
        18.48
      ],
      "to": [
        8.53,
        10.494,
        21.66
      ],
      "rotation": {
        "angle": -45,
        "axis": "x",
        "origin": [
          5.88,
          8.48,
          19.54
        ]
      },
      "rotated": [
        -44.48589,
        -3.46681,
        -4.78404
      ],
      "faces": {
        "north": {
          "uv": [
            10.5,
            12,
            11,
            12.5
          ],
          "texture": "#0"
        },
        "east": {
          "uv": [
            11.5,
            1,
            13,
            1.5
          ],
          "texture": "#0"
        },
        "south": {
          "uv": [
            12,
            10.5,
            12.5,
            11
          ],
          "texture": "#0"
        },
        "west": {
          "uv": [
            11,
            11.5,
            12.5,
            12
          ],
          "texture": "#0"
        },
        "up": {
          "uv": [
            1.5,
            13.5,
            1,
            12
          ],
          "texture": "#0"
        },
        "down": {
          "uv": [
            2,
            12,
            1.5,
            13.5
          ],
          "texture": "#0"
        }
      }
    },
    {
      "from": [
        6.94,
        2.12,
        9.152
      ],
      "to": [
        9.06,
        6.36,
        12.12
      ],
      "rotation": {
        "angle": 0,
        "axis": "y",
        "origin": [
          6.94,
          6.36,
          12.12
        ]
      },
      "faces": {
        "north": {
          "uv": [
            9.5,
            0,
            10.5,
            2
          ],
          "texture": "#0"
        },
        "east": {
          "uv": [
            8,
            0,
            9.5,
            2
          ],
          "texture": "#0"
        },
        "south": {
          "uv": [
            4.5,
            9.5,
            5.5,
            11.5
          ],
          "texture": "#0"
        },
        "west": {
          "uv": [
            2,
            8,
            3.5,
            10
          ],
          "texture": "#0"
        },
        "up": {
          "uv": [
            11.5,
            1.5,
            10.5,
            0
          ],
          "texture": "#0"
        },
        "down": {
          "uv": [
            9,
            10.5,
            8,
            12
          ],
          "texture": "#0"
        }
      }
    },
    {
      "from": [
        6.93894,
        -2.12106,
        9.92474
      ],
      "to": [
        9.06106,
        3.92306,
        12.89486
      ],
      "rotation": {
        "angle": -22.5,
        "axis": "x",
        "origin": [
          6.94,
          1.06,
          8.94
        ]
      },
      "faces": {
        "north": {
          "uv": [
            3.5,
            8,
            4.5,
            11
          ],
          "texture": "#0"
        },
        "east": {
          "uv": [
            2,
            4,
            3.5,
            7
          ],
          "texture": "#0"
        },
        "south": {
          "uv": [
            8,
            4,
            9,
            7
          ],
          "texture": "#0"
        },
        "west": {
          "uv": [
            3.5,
            4,
            5,
            7
          ],
          "texture": "#0"
        },
        "up": {
          "uv": [
            10,
            12,
            9,
            10.5
          ],
          "texture": "#0"
        },
        "down": {
          "uv": [
            1,
            11,
            0,
            12.5
          ],
          "texture": "#0"
        }
      }
    },
    {
      "from": [
        6.94,
        3.18,
        4.82
      ],
      "to": [
        9.06,
        5.3,
        5.35
      ],
      "rotation": {
        "angle": 0,
        "axis": "y",
        "origin": [
          6.94,
          3.18,
          4.82
        ]
      },
      "faces": {
        "north": {
          "uv": [
            10,
            11,
            11,
            12
          ],
          "texture": "#0"
        },
        "east": {
          "uv": [
            5.5,
            12,
            6,
            13
          ],
          "texture": "#0"
        },
        "south": {
          "uv": [
            11,
            10.5,
            12,
            11.5
          ],
          "texture": "#0"
        },
        "west": {
          "uv": [
            6,
            12,
            6.5,
            13
          ],
          "texture": "#0"
        },
        "up": {
          "uv": [
            13,
            6,
            12,
            5.5
          ],
          "texture": "#0"
        },
        "down": {
          "uv": [
            13,
            6.5,
            12,
            7
          ],
          "texture": "#0"
        }
      }
    },
    {
      "from": [
        6.93894,
        3.17894,
        2.69894
      ],
      "to": [
        9.06106,
        3.71106,
        4.82106
      ],
      "rotation": {
        "angle": 0,
        "axis": "y",
        "origin": [
          6.94,
          3.18,
          2.7
        ]
      },
      "faces": {
        "north": {
          "uv": [
            12,
            7,
            13,
            7.5
          ],
          "texture": "#0"
        },
        "east": {
          "uv": [
            12,
            7.5,
            13,
            8
          ],
          "texture": "#0"
        },
        "south": {
          "uv": [
            8,
            12,
            9,
            12.5
          ],
          "texture": "#0"
        },
        "west": {
          "uv": [
            12,
            8,
            13,
            8.5
          ],
          "texture": "#0"
        },
        "up": {
          "uv": [
            12.5,
            1,
            11.5,
            0
          ],
          "texture": "#0"
        },
        "down": {
          "uv": [
            3,
            11.5,
            2,
            12.5
          ],
          "texture": "#0"
        }
      }
    },
    {
      "from": [
        6.94,
        4.24,
        4.548
      ],
      "to": [
        7.47,
        5.3,
        5.078
      ],
      "rotation": {
        "angle": -45,
        "axis": "x",
        "origin": [
          4.82,
          3.4,
          4.5
        ]
      },
      "faces": {
        "north": {
          "uv": [
            11,
            12,
            11.5,
            12.5
          ],
          "texture": "#0"
        },
        "east": {
          "uv": [
            12,
            11,
            12.5,
            11.5
          ],
          "texture": "#0"
        },
        "south": {
          "uv": [
            11.5,
            12,
            12,
            12.5
          ],
          "texture": "#0"
        },
        "west": {
          "uv": [
            12,
            12,
            12.5,
            12.5
          ],
          "texture": "#0"
        },
        "up": {
          "uv": [
            0.5,
            13,
            0,
            12.5
          ],
          "texture": "#0"
        },
        "down": {
          "uv": [
            13,
            0,
            12.5,
            0.5
          ],
          "texture": "#0"
        }
      }
    }
  ],
  "display": {
    "thirdperson_righthand": {
      "rotation": [
        -1,
        -180,
        -7
      ],
      "translation": [
        -1.25,
        2,
        -3.25
      ],
      "scale": [
        0.81,
        1,
        1.02
      ]
    },
    "thirdperson_lefthand": {
      "rotation": [
        -1,
        -180,
        -7
      ],
      "translation": [
        -1.75,
        2,
        -3.25
      ],
      "scale": [
        0.81,
        1,
        1.02
      ]
    },
    "firstperson_righthand": {
      "rotation": [
        -1,
        -180,
        0
      ],
      "translation": [
        0,
        2.5,
        0
      ],
      "scale": [
        1,
        0.99,
        1
      ]
    },
    "firstperson_lefthand": {
      "rotation": [
        -1,
        -180,
        0
      ],
      "translation": [
        0,
        2.5,
        0
      ],
      "scale": [
        1,
        0.99,
        1
      ]
    },
    "ground": {
      "rotation": [
        0,
        -15,
        89
      ],
      "translation": [
        -1.75,
        -3.25,
        2
      ],
      "scale": [
        0.8,
        0.8,
        0.8
      ]
    },
    "gui": {
      "rotation": [
        -83.72,
        50.78,
        87
      ],
      "translation": [
        -0.25,
        1,
        0
      ],
      "scale": [
        0.8,
        0.8,
        0.8
      ]
    },
    "head": {
      "rotation": [
        0,
        -90,
        0
      ],
      "translation": [
        0,
        0,
        -6.25
      ]
    },
    "fixed": {
      "rotation": [
        -88.5,
        -52,
        -84.88
      ],
      "translation": [
        0.25,
        2,
        0.75
      ],
      "scale": [
        0.98,
        0.87,
        0.86
      ]
    }
  }
}