{
  "format_version": "1.9.0",
  "credit": "Made with Blockbench",
  "parent": "flashbang",
  "texture_size": [
    32,
    32
  ],
  "elements": [
    {
      "from": [
        6,
        0,
        5
      ],
      "to": [
        10,
        2,
        9
      ],
      "rotation": {
        "angle": 0,
        "axis": "y",
        "origin": [
          6,
          0,
          5
        ]
      },
      "faces": {
        "north": {
          "uv": [
            7.5,
            6.5,
            9.5,
            7.5
          ],
          "texture": "#0"
        },
        "east": {
          "uv": [
            7.5,
            7.5,
            9.5,
            8.5
          ],
          "texture": "#0"
        },
        "south": {
          "uv": [
            5.5,
            8,
            7.5,
            9
          ],
          "texture": "#0"
        },
        "west": {
          "uv": [
            8.5,
            0,
            10.5,
            1
          ],
          "texture": "#0"
        },
        "up": {
          "uv": [
            3.5,
            5.5,
            1.5,
            3.5
          ],
          "texture": "#0"
        },
        "down": {
          "uv": [
            5.5,
            3.5,
            3.5,
            5.5
          ],
          "texture": "#0"
        }
      }
    },
    {
      "from": [
        6,
        9,
        5
      ],
      "to": [
        10,
        11,
        9
      ],
      "rotation": {
        "angle": 0,
        "axis": "y",
        "origin": [
          6,
          9,
          5
        ]
      },
      "faces": {
        "north": {
          "uv": [
            7.5,
            8.5,
            9.5,
            9.5
          ],
          "texture": "#0"
        },
        "east": {
          "uv": [
            0,
            9,
            2,
            10
          ],
          "texture": "#0"
        },
        "south": {
          "uv": [
            2,
            9,
            4,
            10
          ],
          "texture": "#0"
        },
        "west": {
          "uv": [
            9,
            3,
            11,
            4
          ],
          "texture": "#0"
        },
        "up": {
          "uv": [
            6.5,
            2,
            4.5,
            0
          ],
          "texture": "#0"
        },
        "down": {
          "uv": [
            3.5,
            5.5,
            1.5,
            7.5
          ],
          "texture": "#0"
        }
      }
    },
    {
      "from": [
        6,
        11,
        6.5
      ],
      "to": [
        10,
        13,
        9
      ],
      "rotation": {
        "angle": 0,
        "axis": "y",
        "origin": [
          6,
          11,
          5
        ]
      },
      "faces": {
        "north": {
          "uv": [
            4,
            9,
            6,
            10
          ],
          "texture": "#0"
        },
        "east": {
          "uv": [
            10,
            9,
            11.5,
            10
          ],
          "texture": "#0"
        },
        "south": {
          "uv": [
            9.5,
            1,
            11.5,
            2
          ],
          "texture": "#0"
        },
        "west": {
          "uv": [
            10,
            10,
            11.5,
            11
          ],
          "texture": "#0"
        },
        "up": {
          "uv": [
            9.5,
            3,
            7.5,
            1.5
          ],
          "texture": "#0"
        },
        "down": {
          "uv": [
            4,
            7.5,
            2,
            9
          ],
          "texture": "#0"
        }
      }
    },
    {
      "from": [
        6.01,
        8.71,
        6.51
      ],
      "to": [
        9.99,
        10.59,
        8.99
      ],
      "rotation": {
        "angle": -45,
        "axis": "x",
        "origin": [
          6,
          9,
          5
        ]
      },
      "faces": {
        "north": {
          "uv": [
            7.5,
            4.5,
            9.5,
            5.5
          ],
          "texture": "#0"
        },
        "east": {
          "uv": [
            2,
            10,
            3.5,
            11
          ],
          "texture": "#0"
        },
        "south": {
          "uv": [
            7.5,
            5.5,
            9.5,
            6.5
          ],
          "texture": "#0"
        },
        "west": {
          "uv": [
            3.5,
            10,
            5,
            11
          ],
          "texture": "#0"
        },
        "up": {
          "uv": [
            8.5,
            1.5,
            6.5,
            0
          ],
          "texture": "#0"
        },
        "down": {
          "uv": [
            2,
            7.5,
            0,
            9
          ],
          "texture": "#0"
        }
      }
    },
    {
      "from": [
        6.01,
        11.01,
        10.01
      ],
      "to": [
        9.99,
        14.49,
        11.89
      ],
      "rotation": {
        "angle": -45,
        "axis": "x",
        "origin": [
          6,
          10,
          11
        ]
      },
      "faces": {
        "north": {
          "uv": [
            5.5,
            2,
            7.5,
            4
          ],
          "texture": "#0"
        },
        "east": {
          "uv": [
            6,
            9,
            7,
            11
          ],
          "texture": "#0"
        },
        "south": {
          "uv": [
            3.5,
            5.5,
            5.5,
            7.5
          ],
          "texture": "#0"
        },
        "west": {
          "uv": [
            9.5,
            4,
            10.5,
            6
          ],
          "texture": "#0"
        },
        "up": {
          "uv": [
            11.5,
            3,
            9.5,
            2
          ],
          "texture": "#0"
        },
        "down": {
          "uv": [
            11.5,
            6,
            9.5,
            7
          ],
          "texture": "#0"
        }
      }
    },
    {
      "from": [
        6.02,
        8.02,
        10.52
      ],
      "to": [
        9.98,
        11.48,
        12.38
      ],
      "rotation": {
        "angle": -22.5,
        "axis": "x",
        "origin": [
          6,
          7,
          11
        ]
      },
      "faces": {
        "north": {
          "uv": [
            5.5,
            4,
            7.5,
            6
          ],
          "texture": "#0"
        },
        "east": {
          "uv": [
            7,
            9.5,
            8,
            11.5
          ],
          "texture": "#0"
        },
        "south": {
          "uv": [
            5.5,
            6,
            7.5,
            8
          ],
          "texture": "#0"
        },
        "west": {
          "uv": [
            9.5,
            7,
            10.5,
            9
          ],
          "texture": "#0"
        },
        "up": {
          "uv": [
            10,
            10.5,
            8,
            9.5
          ],
          "texture": "#0"
        },
        "down": {
          "uv": [
            2,
            10,
            0,
            11
          ],
          "texture": "#0"
        }
      }
    },
    {
      "from": [
        6.4,
        1.9,
        5.4
      ],
      "to": [
        9.6,
        9.1,
        8.6
      ],
      "rotation": {
        "angle": 0,
        "axis": "y",
        "origin": [
          6,
          2,
          5
        ]
      },
      "faces": {
        "north": {
          "uv": [
            0,
            0,
            1.5,
            3.5
          ],
          "texture": "#0"
        },
        "east": {
          "uv": [
            1.5,
            0,
            3,
            3.5
          ],
          "texture": "#0"
        },
        "south": {
          "uv": [
            3,
            0,
            4.5,
            3.5
          ],
          "texture": "#0"
        },
        "west": {
          "uv": [
            0,
            3.5,
            1.5,
            7
          ],
          "texture": "#0"
        },
        "up": {
          "uv": [
            9,
            4.5,
            7.5,
            3
          ],
          "texture": "#0"
        },
        "down": {
          "uv": [
            5.5,
            7.5,
            4,
            9
          ],
          "texture": "#0"
        }
      }
    }
  ],
  "display": {
    "thirdperson_righthand": {
      "translation": [
        0,
        0,
        1.75
      ],
      "scale": [
        0.4,
        0.4,
        0.4
      ]
    },
    "thirdperson_lefthand": {
      "translation": [
        0,
        0,
        1.74
      ],
      "scale": [
        0.4,
        0.4,
        0.4
      ]
    },
    "firstperson_righthand": {
      "translation": [
        2.75,
        0.75,
        0
      ],
      "scale": [
        0.7,
        0.7,
        0.7
      ]
    },
    "firstperson_lefthand": {
      "translation": [
        2.75,
        0.75,
        0
      ],
      "scale": [
        0.7,
        0.7,
        0.7
      ]
    },
    "gui": {
      "rotation": [
        -90,
        -51.25,
        -90
      ],
      "translation": [
        0.5,
        1.75,
        0
      ],
      "scale": [
        1.3,
        1.3,
        1.3
      ]
    }
  }
}