{
  "format_version": "1.9.0",
  "credit": "Made with Blockbench",
  "parent": "mcillantac50",
  "texture_size": [
    32,
    32
  ],
  "elements": [
    {
      "from": [
        6.432,
        -1,
        20.76
      ],
      "to": [
        9.568,
        3.136,
        22.328
      ],
      "rotation": {
        "angle": -22.5,
        "axis": "x",
        "origin": [
          6.432,
          -1,
          20.76
        ]
      },
      "faces": {
        "north": {
          "uv": [
            10.5,
            3.5,
            12,
            5
          ],
          "texture": "#0"
        },
        "east": {
          "uv": [
            10,
            11.5,
            11,
            13
          ],
          "texture": "#0"
        },
        "south": {
          "uv": [
            10.5,
            5,
            12,
            6.5
          ],
          "texture": "#0"
        },
        "west": {
          "uv": [
            2,
            12,
            3,
            13.5
          ],
          "texture": "#0"
        },
        "up": {
          "uv": [
            4.5,
            13,
            3,
            12
          ],
          "texture": "#0"
        },
        "down": {
          "uv": [
            13.5,
            3.5,
            12,
            4.5
          ],
          "texture": "#0"
        }
      }
    },
    {
      "from": [
        6.43357,
        2.35357,
        20.54557
      ],
      "to": [
        9.56643,
        4.38883,
        24.46243
      ],
      "rotation": {
        "angle": 0,
        "axis": "y",
        "origin": [
          6.432,
          2.352,
          20.544
        ]
      },
      "faces": {
        "north": {
          "uv": [
            12,
            4.5,
            13.5,
            5.5
          ],
          "texture": "#0"
        },
        "east": {
          "uv": [
            5,
            11.5,
            7,
            12.5
          ],
          "texture": "#0"
        },
        "south": {
          "uv": [
            12,
            5.5,
            13.5,
            6.5
          ],
          "texture": "#0"
        },
        "west": {
          "uv": [
            7,
            11.5,
            9,
            12.5
          ],
          "texture": "#0"
        },
        "up": {
          "uv": [
            6.5,
            11.5,
            5,
            9.5
          ],
          "texture": "#0"
        },
        "down": {
          "uv": [
            8,
            9.5,
            6.5,
            11.5
          ],
          "texture": "#0"
        }
      }
    },
    {
      "from": [
        6.43357,
        2.35357,
        18.58557
      ],
      "to": [
        9.56643,
        4.38883,
        20.54243
      ],
      "rotation": {
        "angle": 0,
        "axis": "y",
        "origin": [
          6.432,
          2.352,
          18.584
        ]
      },
      "faces": {
        "north": {
          "uv": [
            12.5,
            11.5,
            14,
            12.5
          ],
          "texture": "#0"
        },
        "east": {
          "uv": [
            13.5,
            5,
            14.5,
            6
          ],
          "texture": "#0"
        },
        "south": {
          "uv": [
            12.5,
            12.5,
            14,
            13.5
          ],
          "texture": "#0"
        },
        "west": {
          "uv": [
            5.5,
            13.5,
            6.5,
            14.5
          ],
          "texture": "#0"
        },
        "up": {
          "uv": [
            14.5,
            1,
            13,
            0
          ],
          "texture": "#0"
        },
        "down": {
          "uv": [
            14.5,
            1,
            13,
            2
          ],
          "texture": "#0"
        }
      }
    },
    {
      "from": [
        6.43259,
        3.33259,
        17.60459
      ],
      "to": [
        9.56741,
        5.36981,
        19.56341
      ],
      "rotation": {
        "angle": 22.5,
        "axis": "x",
        "origin": [
          6.432,
          3.332,
          17.604
        ]
      },
      "faces": {
        "north": {
          "uv": [
            13,
            2,
            14.5,
            3
          ],
          "texture": "#0"
        },
        "east": {
          "uv": [
            6.5,
            13.5,
            7.5,
            14.5
          ],
          "texture": "#0"
        },
        "south": {
          "uv": [
            3,
            13,
            4.5,
            14
          ],
          "texture": "#0"
        },
        "west": {
          "uv": [
            7.5,
            13.5,
            8.5,
            14.5
          ],
          "texture": "#0"
        },
        "up": {
          "uv": [
            14.5,
            7.5,
            13,
            6.5
          ],
          "texture": "#0"
        },
        "down": {
          "uv": [
            14.5,
            7.5,
            13,
            8.5
          ],
          "texture": "#0"
        }
      }
    },
    {
      "from": [
        6.43357,
        2.35357,
        4.86557
      ],
      "to": [
        9.56643,
        5.36883,
        18.58243
      ],
      "rotation": {
        "angle": 0,
        "axis": "y",
        "origin": [
          6.432,
          2.352,
          4.864
        ]
      },
      "faces": {
        "north": {
          "uv": [
            11,
            9.5,
            12.5,
            11
          ],
          "texture": "#0"
        },
        "east": {
          "uv": [
            2,
            2,
            9,
            3.5
          ],
          "texture": "#0"
        },
        "south": {
          "uv": [
            11,
            11,
            12.5,
            12.5
          ],
          "texture": "#0"
        },
        "west": {
          "uv": [
            2,
            3.5,
            9,
            5
          ],
          "texture": "#0"
        },
        "up": {
          "uv": [
            3.5,
            12,
            2,
            5
          ],
          "texture": "#0"
        },
        "down": {
          "uv": [
            5,
            5,
            3.5,
            12
          ],
          "texture": "#0"
        }
      }
    },
    {
      "from": [
        7.03157,
        -0.04843,
        5.46357
      ],
      "to": [
        8.96843,
        3.77083,
        13.98443
      ],
      "rotation": {
        "angle": 0,
        "axis": "y",
        "origin": [
          7.432,
          0.352,
          5.864
        ]
      },
      "faces": {
        "north": {
          "uv": [
            8.5,
            13.5,
            9,
            15
          ],
          "texture": "#0"
        },
        "east": {
          "uv": [
            5,
            8,
            9,
            9.5
          ],
          "texture": "#0"
        },
        "south": {
          "uv": [
            4,
            14,
            4.5,
            15.5
          ],
          "texture": "#0"
        },
        "west": {
          "uv": [
            9,
            2,
            13,
            3.5
          ],
          "texture": "#0"
        },
        "up": {
          "uv": [
            9.5,
            15.5,
            9,
            11.5
          ],
          "texture": "#0"
        },
        "down": {
          "uv": [
            10,
            11.5,
            9.5,
            15.5
          ],
          "texture": "#0"
        }
      }
    },
    {
      "from": [
        6.92357,
        3.72557,
        -12.77443
      ],
      "to": [
        9.07643,
        5.76083,
        13.70243
      ],
      "rotation": {
        "angle": 0,
        "axis": "y",
        "origin": [
          6.432,
          3.332,
          -10.816
        ]
      },
      "faces": {
        "north": {
          "uv": [
            11,
            13.5,
            12,
            14.5
          ],
          "texture": "#0"
        },
        "east": {
          "uv": [
            0,
            0,
            13,
            1
          ],
          "texture": "#0"
        },
        "south": {
          "uv": [
            12,
            13.5,
            13,
            14.5
          ],
          "texture": "#0"
        },
        "west": {
          "uv": [
            0,
            1,
            13,
            2
          ],
          "texture": "#0"
        },
        "up": {
          "uv": [
            1,
            15,
            0,
            2
          ],
          "texture": "#0"
        },
        "down": {
          "uv": [
            2,
            2,
            1,
            15
          ],
          "texture": "#0"
        }
      }
    },
    {
      "from": [
        6.77361,
        3.57561,
        -15.88439
      ],
      "to": [
        9.22639,
        5.91079,
        -12.62761
      ],
      "rotation": {
        "angle": 0,
        "axis": "y",
        "origin": [
          6.432,
          3.332,
          -13.776
        ]
      },
      "faces": {
        "north": {
          "uv": [
            13,
            13.5,
            14,
            14.5
          ],
          "texture": "#0"
        },
        "east": {
          "uv": [
            13,
            8.5,
            14.5,
            9.5
          ],
          "texture": "#0"
        },
        "south": {
          "uv": [
            3,
            14,
            4,
            15
          ],
          "texture": "#0"
        },
        "west": {
          "uv": [
            13.5,
            3,
            15,
            4
          ],
          "texture": "#0"
        },
        "up": {
          "uv": [
            11,
            14.5,
            10,
            13
          ],
          "texture": "#0"
        },
        "down": {
          "uv": [
            3,
            13.5,
            2,
            15
          ],
          "texture": "#0"
        }
      }
    },
    {
      "from": [
        6.43357,
        2.35357,
        24.46557
      ],
      "to": [
        9.56643,
        5.17283,
        26.81443
      ],
      "rotation": {
        "angle": 0,
        "axis": "y",
        "origin": [
          6.432,
          2.352,
          24.464
        ]
      },
      "faces": {
        "north": {
          "uv": [
            10.5,
            6.5,
            12,
            8
          ],
          "texture": "#0"
        },
        "east": {
          "uv": [
            12,
            6.5,
            13,
            8
          ],
          "texture": "#0"
        },
        "south": {
          "uv": [
            10.5,
            8,
            12,
            9.5
          ],
          "texture": "#0"
        },
        "west": {
          "uv": [
            12,
            8,
            13,
            9.5
          ],
          "texture": "#0"
        },
        "up": {
          "uv": [
            6,
            13.5,
            4.5,
            12.5
          ],
          "texture": "#0"
        },
        "down": {
          "uv": [
            7.5,
            12.5,
            6,
            13.5
          ],
          "texture": "#0"
        }
      }
    },
    {
      "from": [
        6.43357,
        -0.78243,
        26.81757
      ],
      "to": [
        9.56643,
        5.17283,
        30.73443
      ],
      "rotation": {
        "angle": 0,
        "axis": "y",
        "origin": [
          6.432,
          -0.784,
          26.816
        ]
      },
      "faces": {
        "north": {
          "uv": [
            9,
            3.5,
            10.5,
            6.5
          ],
          "texture": "#0"
        },
        "east": {
          "uv": [
            5,
            5,
            7,
            8
          ],
          "texture": "#0"
        },
        "south": {
          "uv": [
            9,
            6.5,
            10.5,
            9.5
          ],
          "texture": "#0"
        },
        "west": {
          "uv": [
            7,
            5,
            9,
            8
          ],
          "texture": "#0"
        },
        "up": {
          "uv": [
            9.5,
            11.5,
            8,
            9.5
          ],
          "texture": "#0"
        },
        "down": {
          "uv": [
            11,
            9.5,
            9.5,
            11.5
          ],
          "texture": "#0"
        }
      }
    },
    {
      "from": [
        6.435,
        0.787,
        26.819
      ],
      "to": [
        9.565,
        3.133,
        28.381
      ],
      "rotation": {
        "angle": -45,
        "axis": "x",
        "origin": [
          6.432,
          0.784,
          26.816
        ]
      },
      "faces": {
        "north": {
          "uv": [
            7.5,
            12.5,
            9,
            13.5
          ],
          "texture": "#0"
        },
        "east": {
          "uv": [
            13.5,
            4,
            14.5,
            5
          ],
          "texture": "#0"
        },
        "south": {
          "uv": [
            12.5,
            9.5,
            14,
            10.5
          ],
          "texture": "#0"
        },
        "west": {
          "uv": [
            4.5,
            13.5,
            5.5,
            14.5
          ],
          "texture": "#0"
        },
        "up": {
          "uv": [
            14,
            11.5,
            12.5,
            10.5
          ],
          "texture": "#0"
        },
        "down": {
          "uv": [
            12.5,
            12.5,
            11,
            13.5
          ],
          "texture": "#0"
        }
      }
    }
  ],
  "display": {
    "thirdperson_righthand": {
      "translation": [
        0,
        4,
        -7.75
      ],
      "scale": [
        0.7,
        0.7,
        0.7
      ]
    },
    "thirdperson_lefthand": {
      "translation": [
        0,
        4,
        -7.5
      ],
      "scale": [
        0.7,
        0.7,
        0.7
      ]
    },
    "firstperson_righthand": {
      "translation": [
        0,
        7.5,
        0
      ],
      "scale": [
        0.9,
        0.9,
        0.9
      ]
    },
    "firstperson_lefthand": {
      "translation": [
        0,
        7.5,
        0
      ],
      "scale": [
        0.9,
        0.9,
        0.9
      ]
    },
    "ground": {
      "translation": [
        0,
        8,
        0
      ]
    },
    "gui": {
      "rotation": [
        90,
        -49.25,
        90
      ],
      "translation": [
        -1,
        2,
        0
      ],
      "scale": [
        0.5,
        0.5,
        0.5
      ]
    },
    "head": {
      "scale": [
        0,
        0,
        0
      ]
    }
  }
}