{
  "format_version": "1.9.0",
  "credit": "Made with Blockbench",
  "parent": "mgmold",
  "elements": [
    {
      "from": [
        6.1,
        2.43,
        27.1
      ],
      "to": [
        9.7,
        6.93,
        31.6
      ],
      "rotation": {
        "angle": 0,
        "axis": "y",
        "origin": [
          6.1,
          1.8,
          27.1
        ]
      },
      "faces": {
        "north": {
          "uv": [
            5.5,
            4,
            6.5,
            5.25
          ],
          "texture": "#0"
        },
        "east": {
          "uv": [
            5,
            0,
            6.25,
            1.25
          ],
          "texture": "#0"
        },
        "south": {
          "uv": [
            5.5,
            5.25,
            6.5,
            6.5
          ],
          "texture": "#0"
        },
        "west": {
          "uv": [
            5,
            1.25,
            6.25,
            2.5
          ],
          "texture": "#0"
        },
        "up": {
          "uv": [
            7.25,
            1.25,
            6.25,
            0
          ],
          "texture": "#0"
        },
        "down": {
          "uv": [
            7.25,
            1.25,
            6.25,
            2.5
          ],
          "texture": "#0"
        }
      }
    },
    {
      "from": [
        6.1,
        2.43,
        26.2
      ],
      "to": [
        9.7,
        5.13,
        27.1
      ],
      "rotation": {
        "angle": 0,
        "axis": "y",
        "origin": [
          6.1,
          1.8,
          26.2
        ]
      },
      "faces": {
        "north": {
          "uv": [
            7.25,
            1.25,
            8.25,
            2
          ],
          "texture": "#0"
        },
        "east": {
          "uv": [
            7.75,
            6.25,
            8,
            7
          ],
          "texture": "#0"
        },
        "south": {
          "uv": [
            7.5,
            2,
            8.5,
            2.75
          ],
          "texture": "#0"
        },
        "west": {
          "uv": [
            4.5,
            9.25,
            4.75,
            10
          ],
          "texture": "#0"
        },
        "up": {
          "uv": [
            9.5,
            1.25,
            8.5,
            1
          ],
          "texture": "#0"
        },
        "down": {
          "uv": [
            10,
            4.25,
            9,
            4.5
          ],
          "texture": "#0"
        }
      }
    },
    {
      "from": [
        7,
        3.6,
        22.6
      ],
      "to": [
        8.8,
        5.4,
        25.3
      ],
      "rotation": {
        "angle": -45,
        "axis": "x",
        "origin": [
          7,
          3.6,
          22.6
        ]
      },
      "faces": {
        "north": {
          "uv": [
            8,
            8.75,
            8.5,
            9.25
          ],
          "texture": "#0"
        },
        "east": {
          "uv": [
            8.5,
            3.75,
            9.25,
            4.25
          ],
          "texture": "#0"
        },
        "south": {
          "uv": [
            9,
            4.5,
            9.5,
            5
          ],
          "texture": "#0"
        },
        "west": {
          "uv": [
            8.5,
            5.25,
            9.25,
            5.75
          ],
          "texture": "#0"
        },
        "up": {
          "uv": [
            7,
            6.5,
            6.5,
            5.75
          ],
          "texture": "#0"
        },
        "down": {
          "uv": [
            8,
            8.5,
            7.5,
            9.25
          ],
          "texture": "#0"
        }
      }
    },
    {
      "from": [
        6.1,
        4.5,
        11.9
      ],
      "to": [
        9.7,
        9.27,
        22.6
      ],
      "rotation": {
        "angle": 0,
        "axis": "y",
        "origin": [
          6.1,
          4.5,
          11.9
        ]
      },
      "faces": {
        "north": {
          "uv": [
            2,
            6.5,
            3,
            7.75
          ],
          "texture": "#0"
        },
        "east": {
          "uv": [
            0,
            2.5,
            2.75,
            3.75
          ],
          "texture": "#0"
        },
        "south": {
          "uv": [
            3,
            6.5,
            4,
            7.75
          ],
          "texture": "#0"
        },
        "west": {
          "uv": [
            2.75,
            2.5,
            5.5,
            3.75
          ],
          "texture": "#0"
        },
        "up": {
          "uv": [
            3,
            6.5,
            2,
            3.75
          ],
          "texture": "#0"
        },
        "down": {
          "uv": [
            4,
            3.75,
            3,
            6.5
          ],
          "texture": "#0"
        }
      }
    },
    {
      "from": [
        6.55,
        6.3,
        21.7
      ],
      "to": [
        9.25,
        8.1,
        27.1
      ],
      "rotation": {
        "angle": 22.5,
        "axis": "x",
        "origin": [
          6.1,
          6.3,
          21.7
        ]
      },
      "faces": {
        "north": {
          "uv": [
            8.5,
            0,
            9.25,
            0.5
          ],
          "texture": "#0"
        },
        "east": {
          "uv": [
            2.5,
            7.75,
            3.75,
            8.25
          ],
          "texture": "#0"
        },
        "south": {
          "uv": [
            8.5,
            0.5,
            9.25,
            1
          ],
          "texture": "#0"
        },
        "west": {
          "uv": [
            3.75,
            7.75,
            5,
            8.25
          ],
          "texture": "#0"
        },
        "up": {
          "uv": [
            7.75,
            7,
            7,
            5.75
          ],
          "texture": "#0"
        },
        "down": {
          "uv": [
            6.75,
            7,
            6,
            8.25
          ],
          "texture": "#0"
        }
      }
    },
    {
      "from": [
        6.55,
        3.6,
        11.9
      ],
      "to": [
        9.25,
        4.5,
        22.6
      ],
      "rotation": {
        "angle": 0,
        "axis": "y",
        "origin": [
          7,
          3.6,
          11.9
        ]
      },
      "faces": {
        "north": {
          "uv": [
            6,
            9.25,
            6.75,
            9.5
          ],
          "texture": "#0"
        },
        "east": {
          "uv": [
            7.75,
            5.75,
            10.5,
            6
          ],
          "texture": "#0"
        },
        "south": {
          "uv": [
            7.5,
            9.25,
            8.25,
            9.5
          ],
          "texture": "#0"
        },
        "west": {
          "uv": [
            7.75,
            6,
            10.5,
            6.25
          ],
          "texture": "#0"
        },
        "up": {
          "uv": [
            4.75,
            6.5,
            4,
            3.75
          ],
          "texture": "#0"
        },
        "down": {
          "uv": [
            5.5,
            3.75,
            4.75,
            6.5
          ],
          "texture": "#0"
        }
      }
    },
    {
      "from": [
        6.1,
        3.6,
        0
      ],
      "to": [
        9.7,
        8.82,
        11.9
      ],
      "rotation": {
        "angle": 0,
        "axis": "y",
        "origin": [
          6.1,
          3.6,
          0
        ]
      },
      "faces": {
        "north": {
          "uv": [
            4,
            6.5,
            5,
            7.75
          ],
          "texture": "#0"
        },
        "east": {
          "uv": [
            0,
            0,
            3,
            1.25
          ],
          "texture": "#0"
        },
        "south": {
          "uv": [
            6.5,
            4,
            7.5,
            5.25
          ],
          "texture": "#0"
        },
        "west": {
          "uv": [
            0,
            1.25,
            3,
            2.5
          ],
          "texture": "#0"
        },
        "up": {
          "uv": [
            1,
            6.75,
            0,
            3.75
          ],
          "texture": "#0"
        },
        "down": {
          "uv": [
            2,
            3.75,
            1,
            6.75
          ],
          "texture": "#0"
        }
      }
    },
    {
      "from": [
        6.82,
        5.67,
        -2.43
      ],
      "to": [
        8.98,
        8.73,
        0.63
      ],
      "rotation": {
        "angle": 0,
        "axis": "y",
        "origin": [
          7,
          4.5,
          -1.8
        ]
      },
      "faces": {
        "north": {
          "uv": [
            7.25,
            2,
            7.5,
            2.5
          ],
          "texture": "#0"
        },
        "east": {
          "uv": [
            4.75,
            9,
            5.25,
            9.5
          ],
          "texture": "#0"
        },
        "south": {
          "uv": [
            9.5,
            8,
            9.75,
            8.5
          ],
          "texture": "#0"
        },
        "west": {
          "uv": [
            5.25,
            9,
            5.75,
            9.5
          ],
          "texture": "#0"
        },
        "up": {
          "uv": [
            8.75,
            10,
            8.5,
            9.5
          ],
          "texture": "#0"
        },
        "down": {
          "uv": [
            9.75,
            8.5,
            9.5,
            9
          ],
          "texture": "#0"
        }
      }
    },
    {
      "from": [
        6.81955,
        3.86955,
        -0.63045
      ],
      "to": [
        8.98045,
        8.73045,
        0.63045
      ],
      "rotation": {
        "angle": 0,
        "axis": "y",
        "origin": [
          7,
          4.5,
          -1.8
        ]
      },
      "faces": {
        "north": {
          "uv": [
            6.75,
            9.25,
            7,
            10
          ],
          "texture": "#0"
        },
        "east": {
          "uv": [
            8.25,
            9.25,
            8.5,
            10
          ],
          "texture": "#0"
        },
        "south": {
          "uv": [
            9,
            9.25,
            9.25,
            10
          ],
          "texture": "#0"
        },
        "west": {
          "uv": [
            9.25,
            9.25,
            9.5,
            10
          ],
          "texture": "#0"
        },
        "up": {
          "uv": [
            8.5,
            2,
            8.25,
            1.75
          ],
          "texture": "#0"
        },
        "down": {
          "uv": [
            5,
            8.75,
            4.75,
            9
          ],
          "texture": "#0"
        }
      }
    },
    {
      "from": [
        7.0009,
        4.7709,
        -4.4991
      ],
      "to": [
        8.7991,
        6.2991,
        -0.5409
      ],
      "rotation": {
        "angle": 22.5,
        "axis": "x",
        "origin": [
          7,
          4.5,
          -0.9
        ]
      },
      "faces": {
        "north": {
          "uv": [
            9,
            8.25,
            9.5,
            8.75
          ],
          "texture": "#0"
        },
        "east": {
          "uv": [
            8.25,
            1.25,
            9.25,
            1.75
          ],
          "texture": "#0"
        },
        "south": {
          "uv": [
            8.5,
            9,
            9,
            9.5
          ],
          "texture": "#0"
        },
        "west": {
          "uv": [
            4,
            8.25,
            5,
            8.75
          ],
          "texture": "#0"
        },
        "up": {
          "uv": [
            6.5,
            9.25,
            6,
            8.25
          ],
          "texture": "#0"
        },
        "down": {
          "uv": [
            7,
            8.25,
            6.5,
            9.25
          ],
          "texture": "#0"
        }
      }
    },
    {
      "from": [
        7.0009,
        6.3009,
        -2.6991
      ],
      "to": [
        8.7991,
        8.4411,
        0.1791
      ],
      "rotation": {
        "angle": -22.5,
        "axis": "x",
        "origin": [
          7,
          6.3,
          -2.7
        ]
      },
      "faces": {
        "north": {
          "uv": [
            9,
            8.75,
            9.5,
            9.25
          ],
          "texture": "#0"
        },
        "east": {
          "uv": [
            0.5,
            8.75,
            1.25,
            9.25
          ],
          "texture": "#0"
        },
        "south": {
          "uv": [
            9.25,
            0,
            9.75,
            0.5
          ],
          "texture": "#0"
        },
        "west": {
          "uv": [
            1.25,
            8.75,
            2,
            9.25
          ],
          "texture": "#0"
        },
        "up": {
          "uv": [
            9.25,
            2.5,
            8.75,
            1.75
          ],
          "texture": "#0"
        },
        "down": {
          "uv": [
            9.25,
            2.5,
            8.75,
            3.25
          ],
          "texture": "#0"
        }
      }
    },
    {
      "from": [
        7,
        5.67,
        -5.4
      ],
      "to": [
        8.8,
        8.37,
        -1.8
      ],
      "rotation": {
        "angle": 0,
        "axis": "y",
        "origin": [
          7,
          5.4,
          -3.6
        ]
      },
      "faces": {
        "north": {
          "uv": [
            8.5,
            8.25,
            9,
            9
          ],
          "texture": "#0"
        },
        "east": {
          "uv": [
            7.5,
            2.75,
            8.5,
            3.5
          ],
          "texture": "#0"
        },
        "south": {
          "uv": [
            0,
            8.75,
            0.5,
            9.5
          ],
          "texture": "#0"
        },
        "west": {
          "uv": [
            7.5,
            3.5,
            8.5,
            4.25
          ],
          "texture": "#0"
        },
        "up": {
          "uv": [
            3.5,
            9.25,
            3,
            8.25
          ],
          "texture": "#0"
        },
        "down": {
          "uv": [
            4,
            8.25,
            3.5,
            9.25
          ],
          "texture": "#0"
        }
      }
    },
    {
      "from": [
        7,
        6.3,
        -13.7
      ],
      "to": [
        8.8,
        8.1,
        -5.4
      ],
      "rotation": {
        "angle": 0,
        "axis": "y",
        "origin": [
          7,
          6.3,
          -13.7
        ]
      },
      "faces": {
        "north": {
          "uv": [
            0.5,
            9.25,
            1,
            9.75
          ],
          "texture": "#0"
        },
        "east": {
          "uv": [
            5,
            6.5,
            7,
            7
          ],
          "texture": "#0"
        },
        "south": {
          "uv": [
            9.25,
            0.5,
            9.75,
            1
          ],
          "texture": "#0"
        },
        "west": {
          "uv": [
            6.5,
            5.25,
            8.5,
            5.75
          ],
          "texture": "#0"
        },
        "up": {
          "uv": [
            0.5,
            8.75,
            0,
            6.75
          ],
          "texture": "#0"
        },
        "down": {
          "uv": [
            1,
            6.75,
            0.5,
            8.75
          ],
          "texture": "#0"
        }
      }
    },
    {
      "from": [
        7,
        -0.9,
        17.1
      ],
      "to": [
        8.8,
        4.77,
        18.9
      ],
      "rotation": {
        "angle": -22.5,
        "axis": "x",
        "origin": [
          7,
          0.1,
          17.1
        ]
      },
      "faces": {
        "north": {
          "uv": [
            8,
            0,
            8.5,
            1.25
          ],
          "texture": "#0"
        },
        "east": {
          "uv": [
            8,
            6.25,
            8.5,
            7.5
          ],
          "texture": "#0"
        },
        "south": {
          "uv": [
            8,
            7.5,
            8.5,
            8.75
          ],
          "texture": "#0"
        },
        "west": {
          "uv": [
            2.5,
            8.25,
            3,
            9.5
          ],
          "texture": "#0"
        },
        "up": {
          "uv": [
            1.5,
            9.75,
            1,
            9.25
          ],
          "texture": "#0"
        },
        "down": {
          "uv": [
            9.75,
            1.25,
            9.25,
            1.75
          ],
          "texture": "#0"
        }
      }
    },
    {
      "from": [
        7.2,
        6.5,
        -15.8
      ],
      "to": [
        8.6,
        7.9,
        -12
      ],
      "rotation": {
        "angle": 0,
        "axis": "y",
        "origin": [
          7,
          6.4,
          -15.8
        ]
      },
      "faces": {
        "north": {
          "uv": [
            9.75,
            3.75,
            10,
            4
          ],
          "texture": "#0"
        },
        "east": {
          "uv": [
            9,
            5,
            10,
            5.25
          ],
          "texture": "#0"
        },
        "south": {
          "uv": [
            4,
            9.75,
            4.25,
            10
          ],
          "texture": "#0"
        },
        "west": {
          "uv": [
            1.5,
            9.25,
            2.5,
            9.5
          ],
          "texture": "#0"
        },
        "up": {
          "uv": [
            6,
            10,
            5.75,
            9
          ],
          "texture": "#0"
        },
        "down": {
          "uv": [
            9.5,
            1.75,
            9.25,
            2.75
          ],
          "texture": "#0"
        }
      }
    },
    {
      "from": [
        7.001,
        -1.299,
        17.501
      ],
      "to": [
        8.799,
        -0.201,
        19.249
      ],
      "rotation": {
        "angle": 0,
        "axis": "y",
        "origin": [
          6.9,
          -1,
          16.9
        ]
      },
      "faces": {
        "north": {
          "uv": [
            0.5,
            9.75,
            1,
            10
          ],
          "texture": "#0"
        },
        "east": {
          "uv": [
            9.75,
            0.5,
            10.25,
            0.75
          ],
          "texture": "#0"
        },
        "south": {
          "uv": [
            9.75,
            0.75,
            10.25,
            1
          ],
          "texture": "#0"
        },
        "west": {
          "uv": [
            1,
            9.75,
            1.5,
            10
          ],
          "texture": "#0"
        },
        "up": {
          "uv": [
            9.75,
            3.25,
            9.25,
            2.75
          ],
          "texture": "#0"
        },
        "down": {
          "uv": [
            3.5,
            9.25,
            3,
            9.75
          ],
          "texture": "#0"
        }
      }
    }
  ],
  "display": {
    "thirdperson_righthand": {
      "translation": [
        0,
        2.25,
        -4.25
      ],
      "scale": [
        0.55,
        0.55,
        0.55
      ]
    },
    "thirdperson_lefthand": {
      "translation": [
        0,
        2.25,
        -4.25
      ],
      "scale": [
        0.55,
        0.55,
        0.55
      ]
    },
    "firstperson_righthand": {
      "translation": [
        2.75,
        4.25,
        0
      ],
      "scale": [
        0.8,
        0.8,
        0.8
      ]
    },
    "firstperson_lefthand": {
      "translation": [
        2.5,
        4.25,
        0
      ],
      "scale": [
        0.8,
        0.8,
        0.8
      ]
    },
    "ground": {
      "translation": [
        0,
        4.5,
        0
      ],
      "scale": [
        0.55,
        0.55,
        0.55
      ]
    },
    "gui": {
      "rotation": [
        90,
        -49,
        90
      ],
      "translation": [
        0,
        1.25,
        0
      ],
      "scale": [
        0.5,
        0.5,
        0.5
      ]
    },
    "head": {
      "translation": [
        0,
        4.75,
        -8.75
      ]
    },
    "fixed": {
      "rotation": [
        -180,
        89.75,
        -180
      ]
    }
  }
}