{
  "format_version": "1.9.0",
  "credit": "Made with Blockbench",
  "parent": "mossberg500",
  "texture_size": [
    64,
    64
  ],
  "elements": [
    {
      "from": [
        7.001,
        -0.999,
        -2.999
      ],
      "to": [
        10.999,
        6.999,
        -0.001
      ],
      "rotation": {
        "angle": 22.5,
        "axis": "x",
        "origin": [
          7,
          -1,
          -3
        ]
      },
      "faces": {
        "north": {
          "uv": [
            3.75,
            0,
            4.75,
            2
          ],
          "texture": "#0"
        },
        "east": {
          "uv": [
            4,
            4,
            4.75,
            6
          ],
          "texture": "#0"
        },
        "south": {
          "uv": [
            2,
            4,
            3,
            6
          ],
          "texture": "#0"
        },
        "west": {
          "uv": [
            4.75,
            0,
            5.5,
            2
          ],
          "texture": "#0"
        },
        "up": {
          "uv": [
            2.5,
            6.75,
            1.5,
            6
          ],
          "texture": "#0"
        },
        "down": {
          "uv": [
            7,
            2,
            6,
            2.75
          ],
          "texture": "#0"
        }
      }
    },
    {
      "from": [
        7,
        5,
        0
      ],
      "to": [
        11,
        9,
        15
      ],
      "rotation": {
        "angle": 0,
        "axis": "y",
        "origin": [
          7,
          5,
          0
        ]
      },
      "faces": {
        "north": {
          "uv": [
            5.75,
            5.5,
            6.75,
            6.5
          ],
          "texture": "#0"
        },
        "east": {
          "uv": [
            0,
            0,
            3.75,
            1
          ],
          "texture": "#0"
        },
        "south": {
          "uv": [
            6,
            1,
            7,
            2
          ],
          "texture": "#0"
        },
        "west": {
          "uv": [
            0,
            1,
            3.75,
            2
          ],
          "texture": "#0"
        },
        "up": {
          "uv": [
            1,
            5.75,
            0,
            2
          ],
          "texture": "#0"
        },
        "down": {
          "uv": [
            2,
            2,
            1,
            5.75
          ],
          "texture": "#0"
        }
      }
    },
    {
      "from": [
        8,
        5,
        15
      ],
      "to": [
        10,
        9,
        29
      ],
      "rotation": {
        "angle": 0,
        "axis": "y",
        "origin": [
          8,
          5,
          15
        ]
      },
      "faces": {
        "north": {
          "uv": [
            2.5,
            7.5,
            3,
            8.5
          ],
          "texture": "#0"
        },
        "east": {
          "uv": [
            2,
            2,
            5.5,
            3
          ],
          "texture": "#0"
        },
        "south": {
          "uv": [
            7.5,
            2.5,
            8,
            3.5
          ],
          "texture": "#0"
        },
        "west": {
          "uv": [
            2,
            3,
            5.5,
            4
          ],
          "texture": "#0"
        },
        "up": {
          "uv": [
            3.5,
            7.5,
            3,
            4
          ],
          "texture": "#0"
        },
        "down": {
          "uv": [
            4,
            4,
            3.5,
            7.5
          ],
          "texture": "#0"
        }
      }
    },
    {
      "from": [
        6.001,
        7.001,
        15.001
      ],
      "to": [
        7.999,
        8.999,
        20.999
      ],
      "rotation": {
        "angle": 22.5,
        "axis": "y",
        "origin": [
          6,
          7,
          15
        ]
      },
      "faces": {
        "north": {
          "uv": [
            3.5,
            8,
            4,
            8.5
          ],
          "texture": "#0"
        },
        "east": {
          "uv": [
            6,
            2.75,
            7.5,
            3.25
          ],
          "texture": "#0"
        },
        "south": {
          "uv": [
            0,
            8.25,
            0.5,
            8.75
          ],
          "texture": "#0"
        },
        "west": {
          "uv": [
            5.75,
            6.5,
            7.25,
            7
          ],
          "texture": "#0"
        },
        "up": {
          "uv": [
            3,
            7.5,
            2.5,
            6
          ],
          "texture": "#0"
        },
        "down": {
          "uv": [
            4.5,
            6,
            4,
            7.5
          ],
          "texture": "#0"
        }
      }
    },
    {
      "from": [
        10.001,
        7.001,
        15.001
      ],
      "to": [
        11.999,
        8.999,
        20.999
      ],
      "rotation": {
        "angle": -22.5,
        "axis": "y",
        "origin": [
          12,
          7,
          15
        ]
      },
      "faces": {
        "north": {
          "uv": [
            2,
            8.25,
            2.5,
            8.75
          ],
          "texture": "#0"
        },
        "east": {
          "uv": [
            6.75,
            5.5,
            8.25,
            6
          ],
          "texture": "#0"
        },
        "south": {
          "uv": [
            4,
            8.25,
            4.5,
            8.75
          ],
          "texture": "#0"
        },
        "west": {
          "uv": [
            6.75,
            6,
            8.25,
            6.5
          ],
          "texture": "#0"
        },
        "up": {
          "uv": [
            2,
            8.25,
            1.5,
            6.75
          ],
          "texture": "#0"
        },
        "down": {
          "uv": [
            2.5,
            6.75,
            2,
            8.25
          ],
          "texture": "#0"
        }
      }
    },
    {
      "from": [
        7.7,
        4.7,
        17.7
      ],
      "to": [
        10.3,
        7.3,
        29.3
      ],
      "rotation": {
        "angle": 0,
        "axis": "y",
        "origin": [
          8,
          5,
          18
        ]
      },
      "faces": {
        "north": {
          "uv": [
            4.5,
            8.25,
            5,
            8.75
          ],
          "texture": "#0"
        },
        "east": {
          "uv": [
            4.75,
            4,
            7.5,
            4.5
          ],
          "texture": "#0"
        },
        "south": {
          "uv": [
            5,
            8.25,
            5.5,
            8.75
          ],
          "texture": "#0"
        },
        "west": {
          "uv": [
            4.75,
            4.5,
            7.5,
            5
          ],
          "texture": "#0"
        },
        "up": {
          "uv": [
            5.25,
            7.75,
            4.75,
            5
          ],
          "texture": "#0"
        },
        "down": {
          "uv": [
            5.75,
            5,
            5.25,
            7.75
          ],
          "texture": "#0"
        }
      }
    },
    {
      "from": [
        8,
        7,
        29
      ],
      "to": [
        10,
        9,
        32
      ],
      "rotation": {
        "angle": 0,
        "axis": "y",
        "origin": [
          8,
          7,
          29
        ]
      },
      "faces": {
        "north": {
          "uv": [
            5.5,
            8.25,
            6,
            8.75
          ],
          "texture": "#0"
        },
        "east": {
          "uv": [
            7,
            7.75,
            7.75,
            8.25
          ],
          "texture": "#0"
        },
        "south": {
          "uv": [
            8.25,
            5.5,
            8.75,
            6
          ],
          "texture": "#0"
        },
        "west": {
          "uv": [
            7.75,
            7,
            8.5,
            7.5
          ],
          "texture": "#0"
        },
        "up": {
          "uv": [
            8.25,
            8.25,
            7.75,
            7.5
          ],
          "texture": "#0"
        },
        "down": {
          "uv": [
            8.5,
            0,
            8,
            0.75
          ],
          "texture": "#0"
        }
      }
    },
    {
      "from": [
        8.001,
        6.001,
        29.001
      ],
      "to": [
        9.999,
        7.999,
        31.999
      ],
      "rotation": {
        "angle": -22.5,
        "axis": "x",
        "origin": [
          8,
          6,
          29
        ]
      },
      "faces": {
        "north": {
          "uv": [
            6,
            8.25,
            6.5,
            8.75
          ],
          "texture": "#0"
        },
        "east": {
          "uv": [
            0.5,
            8,
            1.25,
            8.5
          ],
          "texture": "#0"
        },
        "south": {
          "uv": [
            8.25,
            6,
            8.75,
            6.5
          ],
          "texture": "#0"
        },
        "west": {
          "uv": [
            8,
            0.75,
            8.75,
            1.25
          ],
          "texture": "#0"
        },
        "up": {
          "uv": [
            8.5,
            2,
            8,
            1.25
          ],
          "texture": "#0"
        },
        "down": {
          "uv": [
            8.5,
            2,
            8,
            2.75
          ],
          "texture": "#0"
        }
      }
    },
    {
      "from": [
        8,
        1,
        0
      ],
      "to": [
        10,
        3,
        10
      ],
      "rotation": {
        "angle": -22.5,
        "axis": "x",
        "origin": [
          8,
          3,
          0
        ]
      },
      "faces": {
        "north": {
          "uv": [
            6.5,
            8.25,
            7,
            8.75
          ],
          "texture": "#0"
        },
        "east": {
          "uv": [
            5.5,
            0,
            8,
            0.5
          ],
          "texture": "#0"
        },
        "south": {
          "uv": [
            8.25,
            6.5,
            8.75,
            7
          ],
          "texture": "#0"
        },
        "west": {
          "uv": [
            5.5,
            0.5,
            8,
            1
          ],
          "texture": "#0"
        },
        "up": {
          "uv": [
            6,
            3.5,
            5.5,
            1
          ],
          "texture": "#0"
        },
        "down": {
          "uv": [
            0.5,
            5.75,
            0,
            8.25
          ],
          "texture": "#0"
        }
      }
    },
    {
      "from": [
        7.85,
        6.85,
        19.85
      ],
      "to": [
        10.15,
        9.15,
        29.15
      ],
      "rotation": {
        "angle": 0,
        "axis": "y",
        "origin": [
          8,
          7,
          20
        ]
      },
      "faces": {
        "north": {
          "uv": [
            7,
            8.25,
            7.5,
            8.75
          ],
          "texture": "#0"
        },
        "east": {
          "uv": [
            5.5,
            3.5,
            7.75,
            4
          ],
          "texture": "#0"
        },
        "south": {
          "uv": [
            7.5,
            8.25,
            8,
            8.75
          ],
          "texture": "#0"
        },
        "west": {
          "uv": [
            5.75,
            5,
            8,
            5.5
          ],
          "texture": "#0"
        },
        "up": {
          "uv": [
            1,
            8,
            0.5,
            5.75
          ],
          "texture": "#0"
        },
        "down": {
          "uv": [
            1.5,
            5.75,
            1,
            8
          ],
          "texture": "#0"
        }
      }
    },
    {
      "from": [
        8,
        8,
        26
      ],
      "to": [
        10,
        10,
        28
      ],
      "rotation": {
        "angle": 45,
        "axis": "x",
        "origin": [
          8,
          8,
          26
        ]
      },
      "faces": {
        "north": {
          "uv": [
            8.25,
            7.5,
            8.75,
            8
          ],
          "texture": "#0"
        },
        "east": {
          "uv": [
            8,
            8.25,
            8.5,
            8.75
          ],
          "texture": "#0"
        },
        "south": {
          "uv": [
            8.5,
            0,
            9,
            0.5
          ],
          "texture": "#0"
        },
        "west": {
          "uv": [
            0.5,
            8.5,
            1,
            9
          ],
          "texture": "#0"
        },
        "up": {
          "uv": [
            9,
            1.75,
            8.5,
            1.25
          ],
          "texture": "#0"
        },
        "down": {
          "uv": [
            9,
            1.75,
            8.5,
            2.25
          ],
          "texture": "#0"
        }
      }
    },
    {
      "from": [
        7,
        6,
        -2
      ],
      "to": [
        11,
        9,
        0
      ],
      "rotation": {
        "angle": 0,
        "axis": "y",
        "origin": [
          7,
          6,
          -2
        ]
      },
      "faces": {
        "north": {
          "uv": [
            7,
            1,
            8,
            1.75
          ],
          "texture": "#0"
        },
        "east": {
          "uv": [
            8,
            2.75,
            8.5,
            3.5
          ],
          "texture": "#0"
        },
        "south": {
          "uv": [
            7,
            1.75,
            8,
            2.5
          ],
          "texture": "#0"
        },
        "west": {
          "uv": [
            3,
            8,
            3.5,
            8.75
          ],
          "texture": "#0"
        },
        "up": {
          "uv": [
            8.25,
            7,
            7.25,
            6.5
          ],
          "texture": "#0"
        },
        "down": {
          "uv": [
            4,
            7.5,
            3,
            8
          ],
          "texture": "#0"
        }
      }
    },
    {
      "from": [
        7.001,
        8.001,
        -2.999
      ],
      "to": [
        10.999,
        9.999,
        -1.001
      ],
      "rotation": {
        "angle": 22.5,
        "axis": "x",
        "origin": [
          7,
          8,
          -3
        ]
      },
      "faces": {
        "north": {
          "uv": [
            7.5,
            4,
            8.5,
            4.5
          ],
          "texture": "#0"
        },
        "east": {
          "uv": [
            8.5,
            2.25,
            9,
            2.75
          ],
          "texture": "#0"
        },
        "south": {
          "uv": [
            7.5,
            4.5,
            8.5,
            5
          ],
          "texture": "#0"
        },
        "west": {
          "uv": [
            2.5,
            8.5,
            3,
            9
          ],
          "texture": "#0"
        },
        "up": {
          "uv": [
            8.75,
            4,
            7.75,
            3.5
          ],
          "texture": "#0"
        },
        "down": {
          "uv": [
            5,
            7.75,
            4,
            8.25
          ],
          "texture": "#0"
        }
      }
    },
    {
      "from": [
        7.002,
        7.002,
        -3.998
      ],
      "to": [
        10.998,
        8.998,
        -1.002
      ],
      "rotation": {
        "angle": 22.5,
        "axis": "x",
        "origin": [
          7,
          7,
          -4
        ]
      },
      "faces": {
        "north": {
          "uv": [
            5,
            7.75,
            6,
            8.25
          ],
          "texture": "#0"
        },
        "east": {
          "uv": [
            8,
            5,
            8.75,
            5.5
          ],
          "texture": "#0"
        },
        "south": {
          "uv": [
            6,
            7.75,
            7,
            8.25
          ],
          "texture": "#0"
        },
        "west": {
          "uv": [
            1.25,
            8.25,
            2,
            8.75
          ],
          "texture": "#0"
        },
        "up": {
          "uv": [
            6.75,
            7.75,
            5.75,
            7
          ],
          "texture": "#0"
        },
        "down": {
          "uv": [
            7.75,
            7,
            6.75,
            7.75
          ],
          "texture": "#0"
        }
      }
    }
  ],
  "display": {
    "thirdperson_righthand": {
      "rotation": [
        8,
        -180,
        0
      ],
      "translation": [
        0.5,
        1.75,
        -1.75
      ],
      "scale": [
        0.55,
        0.55,
        0.55
      ]
    },
    "thirdperson_lefthand": {
      "rotation": [
        8,
        -180,
        0
      ],
      "translation": [
        -0.5,
        1.75,
        -1.75
      ],
      "scale": [
        0.55,
        0.55,
        0.55
      ]
    },
    "firstperson_righthand": {
      "rotation": [
        0,
        -175,
        0
      ],
      "translation": [
        4.75,
        0,
        0
      ]
    },
    "firstperson_lefthand": {
      "rotation": [
        0,
        -175,
        0
      ],
      "translation": [
        4.75,
        0,
        0
      ]
    },
    "ground": {
      "scale": [
        0.55,
        0.55,
        0.55
      ]
    },
    "gui": {
      "rotation": [
        -90,
        50.5,
        90
      ],
      "translation": [
        -2.75,
        -0.5,
        0
      ],
      "scale": [
        0.6,
        0.6,
        0.6
      ]
    },
    "head": {
      "rotation": [
        0,
        -180,
        0
      ],
      "translation": [
        1.25,
        8.25,
        -9.75
      ],
      "scale": [
        2,
        2,
        2
      ]
    },
    "fixed": {
      "rotation": [
        -180,
        87.75,
        -180
      ],
      "translation": [
        -4,
        0,
        0
      ]
    }
  }
}