{
  "format_version": "1.9.0",
  "credit": "Made with Blockbench",
  "parent": "rpk",
  "texture_size": [
    64,
    64
  ],
  "elements": [
    {
      "from": [
        7.3592,
        -0.6408,
        20.0792
      ],
      "to": [
        9.9208,
        3.2008,
        21.3608
      ],
      "rotation": {
        "angle": -22.5,
        "axis": "x",
        "origin": [
          7.36,
          -0.64,
          20.08
        ]
      },
      "faces": {
        "north": {
          "uv": [
            7,
            4,
            7.75,
            5.25
          ],
          "texture": "#0"
        },
        "east": {
          "uv": [
            8.5,
            0,
            9,
            1.25
          ],
          "texture": "#0"
        },
        "south": {
          "uv": [
            4.5,
            7,
            5.25,
            8.25
          ],
          "texture": "#0"
        },
        "west": {
          "uv": [
            1.5,
            8.5,
            2,
            9.75
          ],
          "texture": "#0"
        },
        "up": {
          "uv": [
            9.5,
            5.5,
            8.75,
            5
          ],
          "texture": "#0"
        },
        "down": {
          "uv": [
            9.5,
            5.5,
            8.75,
            6
          ],
          "texture": "#0"
        }
      }
    },
    {
      "from": [
        7.36064,
        2.56064,
        19.60064
      ],
      "to": [
        9.91936,
        4.47936,
        22.79936
      ],
      "rotation": {
        "angle": 0,
        "axis": "y",
        "origin": [
          7.36,
          2.56,
          19.6
        ]
      },
      "faces": {
        "north": {
          "uv": [
            6.75,
            8.75,
            7.5,
            9.25
          ],
          "texture": "#0"
        },
        "east": {
          "uv": [
            8.75,
            2,
            9.75,
            2.5
          ],
          "texture": "#0"
        },
        "south": {
          "uv": [
            7.5,
            8.75,
            8.25,
            9.25
          ],
          "texture": "#0"
        },
        "west": {
          "uv": [
            3.5,
            8.75,
            4.5,
            9.25
          ],
          "texture": "#0"
        },
        "up": {
          "uv": [
            8.75,
            6.25,
            8,
            5.25
          ],
          "texture": "#0"
        },
        "down": {
          "uv": [
            6,
            8.25,
            5.25,
            9.25
          ],
          "texture": "#0"
        }
      }
    },
    {
      "from": [
        7.36064,
        2.56064,
        22.80064
      ],
      "to": [
        9.91936,
        5.31934,
        31
      ],
      "rotation": {
        "angle": 0,
        "axis": "y",
        "origin": [
          7.36,
          2.56,
          22.8
        ]
      },
      "faces": {
        "north": {
          "uv": [
            2,
            8.5,
            2.75,
            9.25
          ],
          "texture": "#0"
        },
        "east": {
          "uv": [
            4.5,
            6.25,
            6.25,
            7
          ],
          "texture": "#0"
        },
        "south": {
          "uv": [
            8.5,
            6.25,
            9.25,
            7
          ],
          "texture": "#0"
        },
        "west": {
          "uv": [
            6.25,
            5.5,
            8,
            6.25
          ],
          "texture": "#0"
        },
        "up": {
          "uv": [
            7,
            8,
            6.25,
            6.25
          ],
          "texture": "#0"
        },
        "down": {
          "uv": [
            1.5,
            6.5,
            0.75,
            8.25
          ],
          "texture": "#0"
        }
      }
    },
    {
      "from": [
        7.36164,
        1.56164,
        22.80164
      ],
      "to": [
        9.91836,
        3.31834,
        27.999
      ],
      "rotation": {
        "angle": 0,
        "axis": "y",
        "origin": [
          7.36,
          1.56,
          22.8
        ]
      },
      "faces": {
        "north": {
          "uv": [
            2,
            8.5,
            2.75,
            9.25
          ],
          "texture": "#0"
        },
        "east": {
          "uv": [
            4.5,
            6.25,
            6.25,
            7
          ],
          "texture": "#0"
        },
        "south": {
          "uv": [
            8.5,
            6.25,
            9.25,
            7
          ],
          "texture": "#0"
        },
        "west": {
          "uv": [
            6.25,
            5.5,
            8,
            6.25
          ],
          "texture": "#0"
        },
        "up": {
          "uv": [
            7,
            8,
            6.25,
            6.25
          ],
          "texture": "#0"
        },
        "down": {
          "uv": [
            1.5,
            6.5,
            0.75,
            8.25
          ],
          "texture": "#0"
        }
      }
    },
    {
      "from": [
        7.36264,
        1.353,
        27.203
      ],
      "to": [
        9.91736,
        3.1077,
        30.797
      ],
      "rotation": {
        "angle": -22.5,
        "axis": "x",
        "origin": [
          7.36,
          2.56,
          26.8
        ]
      },
      "faces": {
        "north": {
          "uv": [
            2,
            8.5,
            2.75,
            9.25
          ],
          "texture": "#0"
        },
        "east": {
          "uv": [
            4.5,
            6.25,
            6.25,
            7
          ],
          "texture": "#0"
        },
        "south": {
          "uv": [
            8.5,
            6.25,
            9.25,
            7
          ],
          "texture": "#0"
        },
        "west": {
          "uv": [
            6.25,
            5.5,
            8,
            6.25
          ],
          "texture": "#0"
        },
        "up": {
          "uv": [
            7,
            8,
            6.25,
            6.25
          ],
          "texture": "#0"
        },
        "down": {
          "uv": [
            1.5,
            6.5,
            0.75,
            8.25
          ],
          "texture": "#0"
        }
      }
    },
    {
      "from": [
        7.36128,
        3.84128,
        21.902
      ],
      "to": [
        9.91872,
        5.53728,
        24.74072
      ],
      "rotation": {
        "angle": 22.5,
        "axis": "x",
        "origin": [
          7.36,
          3.84,
          22.16
        ]
      },
      "faces": {
        "north": {
          "uv": [
            9,
            0,
            9.75,
            0.5
          ],
          "texture": "#0"
        },
        "east": {
          "uv": [
            6.5,
            0,
            8.5,
            0.5
          ],
          "texture": "#0"
        },
        "south": {
          "uv": [
            9,
            0.5,
            9.75,
            1
          ],
          "texture": "#0"
        },
        "west": {
          "uv": [
            6.5,
            0.5,
            8.5,
            1
          ],
          "texture": "#0"
        },
        "up": {
          "uv": [
            1.5,
            6.5,
            0.75,
            4.5
          ],
          "texture": "#0"
        },
        "down": {
          "uv": [
            2.25,
            5.25,
            1.5,
            7.25
          ],
          "texture": "#0"
        }
      }
    },
    {
      "from": [
        7.36,
        2.56,
        7.44
      ],
      "to": [
        9.92,
        5.12,
        19.6
      ],
      "rotation": {
        "angle": 0,
        "axis": "y",
        "origin": [
          7.36,
          2.56,
          7.44
        ]
      },
      "faces": {
        "north": {
          "uv": [
            8.5,
            7,
            9.25,
            7.75
          ],
          "texture": "#0"
        },
        "east": {
          "uv": [
            1.5,
            0,
            5.25,
            0.75
          ],
          "texture": "#0"
        },
        "south": {
          "uv": [
            8.5,
            7.75,
            9.25,
            8.5
          ],
          "texture": "#0"
        },
        "west": {
          "uv": [
            1.5,
            0.75,
            5.25,
            1.5
          ],
          "texture": "#0"
        },
        "up": {
          "uv": [
            2.25,
            5.25,
            1.5,
            1.5
          ],
          "texture": "#0"
        },
        "down": {
          "uv": [
            3,
            1.5,
            2.25,
            5.25
          ],
          "texture": "#0"
        }
      }
    },
    {
      "from": [
        7.36,
        0.96,
        17.04
      ],
      "to": [
        9.92,
        1.36,
        19.6
      ],
      "rotation": {
        "angle": 0,
        "axis": "y",
        "origin": [
          7.36,
          0.96,
          17.04
        ]
      },
      "faces": {
        "north": {
          "uv": [
            9.25,
            9,
            10,
            9.25
          ],
          "texture": "#0"
        },
        "east": {
          "uv": [
            0,
            9.5,
            0.75,
            9.75
          ],
          "texture": "#0"
        },
        "south": {
          "uv": [
            0.75,
            9.5,
            1.5,
            9.75
          ],
          "texture": "#0"
        },
        "west": {
          "uv": [
            9.5,
            1.25,
            10.25,
            1.5
          ],
          "texture": "#0"
        },
        "up": {
          "uv": [
            9.5,
            2,
            8.75,
            1.25
          ],
          "texture": "#0"
        },
        "down": {
          "uv": [
            3.5,
            8.75,
            2.75,
            9.5
          ],
          "texture": "#0"
        }
      }
    },
    {
      "from": [
        7.36,
        1.76,
        18.64
      ],
      "to": [
        9.92,
        2.16,
        19.6
      ],
      "rotation": {
        "angle": -45,
        "axis": "x",
        "origin": [
          7.36,
          1.76,
          18.64
        ]
      },
      "faces": {
        "north": {
          "uv": [
            2.75,
            9.5,
            3.5,
            9.75
          ],
          "texture": "#0"
        },
        "east": {
          "uv": [
            4.5,
            6,
            4.75,
            6.25
          ],
          "texture": "#0"
        },
        "south": {
          "uv": [
            4.25,
            9.5,
            5,
            9.75
          ],
          "texture": "#0"
        },
        "west": {
          "uv": [
            4.75,
            6,
            5,
            6.25
          ],
          "texture": "#0"
        },
        "up": {
          "uv": [
            10.25,
            5.25,
            9.5,
            5
          ],
          "texture": "#0"
        },
        "down": {
          "uv": [
            10.25,
            5.25,
            9.5,
            5.5
          ],
          "texture": "#0"
        }
      }
    },
    {
      "from": [
        7.3608,
        1.0408,
        17.0408
      ],
      "to": [
        9.9192,
        2.7992,
        17.4392
      ],
      "rotation": {
        "angle": 0,
        "axis": "y",
        "origin": [
          7.36,
          3.36,
          17.04
        ]
      },
      "faces": {
        "north": {
          "uv": [
            9.25,
            7.5,
            10,
            8
          ],
          "texture": "#0"
        },
        "east": {
          "uv": [
            8.25,
            8.75,
            8.5,
            9.25
          ],
          "texture": "#0"
        },
        "south": {
          "uv": [
            9.25,
            8,
            10,
            8.5
          ],
          "texture": "#0"
        },
        "west": {
          "uv": [
            5,
            9.5,
            5.25,
            10
          ],
          "texture": "#0"
        },
        "up": {
          "uv": [
            10.25,
            1.75,
            9.5,
            1.5
          ],
          "texture": "#0"
        },
        "down": {
          "uv": [
            10.25,
            1.75,
            9.5,
            2
          ],
          "texture": "#0"
        }
      }
    },
    {
      "from": [
        8.012,
        0.012,
        12.052
      ],
      "to": [
        9.524,
        3.444,
        15.484
      ],
      "rotation": {
        "angle": 0,
        "axis": "y",
        "origin": [
          7.232,
          -0.768,
          11.128
        ]
      },
      "faces": {
        "north": {
          "uv": [
            0,
            7.5,
            0.75,
            8.75
          ],
          "texture": "#0"
        },
        "east": {
          "uv": [
            5,
            2.5,
            6.25,
            3.75
          ],
          "texture": "#0"
        },
        "south": {
          "uv": [
            3,
            7.5,
            3.75,
            8.75
          ],
          "texture": "#0"
        },
        "west": {
          "uv": [
            5,
            3.75,
            6.25,
            5
          ],
          "texture": "#0"
        },
        "up": {
          "uv": [
            4.5,
            8.75,
            3.75,
            7.5
          ],
          "texture": "#0"
        },
        "down": {
          "uv": [
            7.75,
            7.5,
            7,
            8.75
          ],
          "texture": "#0"
        }
      }
    },
    {
      "from": [
        8.0116,
        -0.9484,
        10.9476
      ],
      "to": [
        9.5244,
        2.2516,
        14.3804
      ],
      "rotation": {
        "angle": 22.5,
        "axis": "x",
        "origin": [
          7.232,
          -1.728,
          10.168
        ]
      },
      "faces": {
        "north": {
          "uv": [
            7.75,
            4,
            8.5,
            5.25
          ],
          "texture": "#0"
        },
        "east": {
          "uv": [
            5,
            5,
            6.25,
            6.25
          ],
          "texture": "#0"
        },
        "south": {
          "uv": [
            7.75,
            6.25,
            8.5,
            7.5
          ],
          "texture": "#0"
        },
        "west": {
          "uv": [
            5.25,
            0,
            6.5,
            1.25
          ],
          "texture": "#0"
        },
        "up": {
          "uv": [
            8.5,
            8.75,
            7.75,
            7.5
          ],
          "texture": "#0"
        },
        "down": {
          "uv": [
            6.75,
            8,
            6,
            9.25
          ],
          "texture": "#0"
        }
      }
    },
    {
      "from": [
        8.0112,
        -3.8288,
        7.1072
      ],
      "to": [
        9.5248,
        2.6712,
        10.5408
      ],
      "rotation": {
        "angle": 45,
        "axis": "x",
        "origin": [
          7.232,
          -4.608,
          6.328
        ]
      },
      "faces": {
        "north": {
          "uv": [
            3.75,
            5.5,
            4.5,
            7.5
          ],
          "texture": "#0"
        },
        "east": {
          "uv": [
            3,
            1.5,
            4.25,
            3.5
          ],
          "texture": "#0"
        },
        "south": {
          "uv": [
            6.25,
            3.5,
            7,
            5.5
          ],
          "texture": "#0"
        },
        "west": {
          "uv": [
            3,
            3.5,
            4.25,
            5.5
          ],
          "texture": "#0"
        },
        "up": {
          "uv": [
            1.5,
            9.5,
            0.75,
            8.25
          ],
          "texture": "#0"
        },
        "down": {
          "uv": [
            5.25,
            8.25,
            4.5,
            9.5
          ],
          "texture": "#0"
        }
      }
    },
    {
      "from": [
        7.232,
        3.072,
        0.912
      ],
      "to": [
        10.048,
        5.248,
        7.568
      ],
      "rotation": {
        "angle": 0,
        "axis": "y",
        "origin": [
          7.36,
          3.2,
          1.04
        ]
      },
      "faces": {
        "north": {
          "uv": [
            6,
            9.25,
            6.75,
            9.75
          ],
          "texture": "#0"
        },
        "east": {
          "uv": [
            6.5,
            1,
            8.5,
            1.5
          ],
          "texture": "#0"
        },
        "south": {
          "uv": [
            9.25,
            6,
            10,
            6.5
          ],
          "texture": "#0"
        },
        "west": {
          "uv": [
            7,
            3.5,
            9,
            4
          ],
          "texture": "#0"
        },
        "up": {
          "uv": [
            3,
            7.25,
            2.25,
            5.25
          ],
          "texture": "#0"
        },
        "down": {
          "uv": [
            3.75,
            5.5,
            3,
            7.5
          ],
          "texture": "#0"
        }
      }
    },
    {
      "from": [
        7.432,
        3.272,
        -12.488
      ],
      "to": [
        9.848,
        5.048,
        0.968
      ],
      "rotation": {
        "angle": 0,
        "axis": "y",
        "origin": [
          7.36,
          3.2,
          -12.56
        ]
      },
      "faces": {
        "north": {
          "uv": [
            9.25,
            7,
            10,
            7.5
          ],
          "texture": "#0"
        },
        "east": {
          "uv": [
            6.25,
            2.5,
            9.25,
            3
          ],
          "texture": "#0"
        },
        "south": {
          "uv": [
            7.5,
            9.25,
            8.25,
            9.75
          ],
          "texture": "#0"
        },
        "west": {
          "uv": [
            6.25,
            3,
            9.25,
            3.5
          ],
          "texture": "#0"
        },
        "up": {
          "uv": [
            5,
            5.5,
            4.25,
            2.5
          ],
          "texture": "#0"
        },
        "down": {
          "uv": [
            0.75,
            4.5,
            0,
            7.5
          ],
          "texture": "#0"
        }
      }
    },
    {
      "from": [
        7.432,
        5.48,
        -6.888
      ],
      "to": [
        9.848,
        6.456,
        0.968
      ],
      "rotation": {
        "angle": 0,
        "axis": "y",
        "origin": [
          7.36,
          5.6,
          -6.96
        ]
      },
      "faces": {
        "north": {
          "uv": [
            7,
            5.25,
            7.75,
            5.5
          ],
          "texture": "#0"
        },
        "east": {
          "uv": [
            5.25,
            1.25,
            6.5,
            1.5
          ],
          "texture": "#0"
        },
        "south": {
          "uv": [
            9.25,
            8.5,
            10,
            8.75
          ],
          "texture": "#0"
        },
        "west": {
          "uv": [
            9,
            1,
            10.25,
            1.25
          ],
          "texture": "#0"
        },
        "up": {
          "uv": [
            2.25,
            8.5,
            1.5,
            7.25
          ],
          "texture": "#0"
        },
        "down": {
          "uv": [
            3,
            7.25,
            2.25,
            8.5
          ],
          "texture": "#0"
        }
      }
    },
    {
      "from": [
        7.4328,
        4.0728,
        -7.8152
      ],
      "to": [
        9.8472,
        6.6312,
        -6.8408
      ],
      "rotation": {
        "angle": 22.5,
        "axis": "x",
        "origin": [
          7.36,
          4,
          -7.76
        ]
      },
      "faces": {
        "north": {
          "uv": [
            8.5,
            8.5,
            9.25,
            9.25
          ],
          "texture": "#0"
        },
        "east": {
          "uv": [
            6,
            7,
            6.25,
            7.75
          ],
          "texture": "#0"
        },
        "south": {
          "uv": [
            0,
            8.75,
            0.75,
            9.5
          ],
          "texture": "#0"
        },
        "west": {
          "uv": [
            6.75,
            8,
            7,
            8.75
          ],
          "texture": "#0"
        },
        "up": {
          "uv": [
            9.5,
            9.5,
            8.75,
            9.25
          ],
          "texture": "#0"
        },
        "down": {
          "uv": [
            10,
            8.75,
            9.25,
            9
          ],
          "texture": "#0"
        }
      }
    },
    {
      "from": [
        7.36224,
        4.48224,
        17.68224
      ],
      "to": [
        9.91776,
        5.75776,
        18.95776
      ],
      "rotation": {
        "angle": -22.5,
        "axis": "x",
        "origin": [
          7.36,
          5.76,
          17.68
        ]
      },
      "faces": {
        "north": {
          "uv": [
            9,
            3.5,
            9.75,
            4
          ],
          "texture": "#0"
        },
        "east": {
          "uv": [
            4.5,
            5.5,
            5,
            6
          ],
          "texture": "#0"
        },
        "south": {
          "uv": [
            2,
            9.25,
            2.75,
            9.75
          ],
          "texture": "#0"
        },
        "west": {
          "uv": [
            8.25,
            9.25,
            8.75,
            9.75
          ],
          "texture": "#0"
        },
        "up": {
          "uv": [
            10,
            3,
            9.25,
            2.5
          ],
          "texture": "#0"
        },
        "down": {
          "uv": [
            10,
            3,
            9.25,
            3.5
          ],
          "texture": "#0"
        }
      }
    },
    {
      "from": [
        7.36,
        5.12,
        4.88
      ],
      "to": [
        9.92,
        6.4,
        18.96
      ],
      "rotation": {
        "angle": 0,
        "axis": "y",
        "origin": [
          7.36,
          5.12,
          4.88
        ]
      },
      "faces": {
        "north": {
          "uv": [
            3.5,
            9.25,
            4.25,
            9.75
          ],
          "texture": "#0"
        },
        "east": {
          "uv": [
            4.25,
            1.5,
            8.75,
            2
          ],
          "texture": "#0"
        },
        "south": {
          "uv": [
            5.25,
            9.25,
            6,
            9.75
          ],
          "texture": "#0"
        },
        "west": {
          "uv": [
            4.25,
            2,
            8.75,
            2.5
          ],
          "texture": "#0"
        },
        "up": {
          "uv": [
            0.75,
            4.5,
            0,
            0
          ],
          "texture": "#0"
        },
        "down": {
          "uv": [
            1.5,
            0,
            0.75,
            4.5
          ],
          "texture": "#0"
        }
      }
    },
    {
      "from": [
        7.264,
        5.024,
        0.944
      ],
      "to": [
        10.016,
        6.496,
        4.976
      ],
      "rotation": {
        "angle": 0,
        "axis": "y",
        "origin": [
          7.36,
          5.12,
          1.04
        ]
      },
      "faces": {
        "north": {
          "uv": [
            9.25,
            6.5,
            10,
            7
          ],
          "texture": "#0"
        },
        "east": {
          "uv": [
            8.5,
            4,
            9.75,
            4.5
          ],
          "texture": "#0"
        },
        "south": {
          "uv": [
            6.75,
            9.25,
            7.5,
            9.75
          ],
          "texture": "#0"
        },
        "west": {
          "uv": [
            8.5,
            4.5,
            9.75,
            5
          ],
          "texture": "#0"
        },
        "up": {
          "uv": [
            6,
            8.25,
            5.25,
            7
          ],
          "texture": "#0"
        },
        "down": {
          "uv": [
            7.75,
            6.25,
            7,
            7.5
          ],
          "texture": "#0"
        }
      }
    }
  ],
  "display": {
    "thirdperson_righthand": {
      "translation": [
        -0.5,
        3.25,
        -8.5
      ],
      "scale": [
        0.7,
        0.75,
        0.75
      ]
    },
    "thirdperson_lefthand": {
      "translation": [
        0.5,
        3.25,
        -8.5
      ],
      "scale": [
        0.7,
        0.75,
        0.75
      ]
    },
    "firstperson_righthand": {
      "translation": [
        0,
        5.75,
        -2
      ],
      "scale": [
        0.9,
        1,
        1
      ]
    },
    "firstperson_lefthand": {
      "translation": [
        0,
        5.75,
        0
      ],
      "scale": [
        0.9,
        1,
        1
      ]
    },
    "ground": {
      "translation": [
        0,
        6.5,
        0
      ],
      "scale": [
        0.5,
        0.6,
        0.6
      ]
    },
    "gui": {
      "rotation": [
        90,
        -51.5,
        90
      ],
      "translation": [
        -0.5,
        1.75,
        0
      ],
      "scale": [
        0.4,
        0.5,
        0.5
      ]
    },
    "head": {
      "rotation": [
        0,
        85.25,
        0
      ],
      "translation": [
        0,
        0,
        -4.75
      ]
    },
    "fixed": {
      "rotation": [
        90,
        58.25,
        -90
      ]
    }
  }
}