{
  "format_version": "1.9.0",
  "credit": "Made with Blockbench",
  "parent": "snipermold",
  "elements": [
    {
      "from": [
        7.0005,
        1.0005,
        21.0005
      ],
      "to": [
        10.9995,
        3.9995,
        31.9995
      ],
      "rotation": {
        "angle": 22.5,
        "axis": "x",
        "origin": [
          7,
          1,
          21
        ]
      },
      "faces": {
        "north": {
          "uv": [
            4.5,
            7.5,
            5.5,
            8.25
          ],
          "texture": "#0"
        },
        "east": {
          "uv": [
            4,
            1.5,
            6.75,
            2.25
          ],
          "texture": "#0"
        },
        "south": {
          "uv": [
            7.75,
            2.75,
            8.75,
            3.5
          ],
          "texture": "#0"
        },
        "west": {
          "uv": [
            4,
            2.25,
            6.75,
            3
          ],
          "texture": "#0"
        },
        "up": {
          "uv": [
            3,
            4.25,
            2,
            1.5
          ],
          "texture": "#0"
        },
        "down": {
          "uv": [
            4,
            1.5,
            3,
            4.25
          ],
          "texture": "#0"
        }
      }
    },
    {
      "from": [
        7.001,
        3.001,
        22.001
      ],
      "to": [
        10.999,
        4.999,
        26.999
      ],
      "rotation": {
        "angle": 0,
        "axis": "y",
        "origin": [
          7,
          3,
          22
        ]
      },
      "faces": {
        "north": {
          "uv": [
            8.5,
            5.25,
            9.5,
            5.75
          ],
          "texture": "#0"
        },
        "east": {
          "uv": [
            7.5,
            6.75,
            8.75,
            7.25
          ],
          "texture": "#0"
        },
        "south": {
          "uv": [
            8.5,
            5.75,
            9.5,
            6.25
          ],
          "texture": "#0"
        },
        "west": {
          "uv": [
            8.25,
            4.25,
            9.5,
            4.75
          ],
          "texture": "#0"
        },
        "up": {
          "uv": [
            6,
            5.25,
            5,
            4
          ],
          "texture": "#0"
        },
        "down": {
          "uv": [
            6,
            5.25,
            5,
            6.5
          ],
          "texture": "#0"
        }
      }
    },
    {
      "from": [
        7.002,
        -2.798,
        27.002
      ],
      "to": [
        10.998,
        4.198,
        28.998
      ],
      "rotation": {
        "angle": -45,
        "axis": "x",
        "origin": [
          7,
          2,
          27
        ]
      },
      "faces": {
        "north": {
          "uv": [
            3,
            4.25,
            4,
            6
          ],
          "texture": "#0"
        },
        "east": {
          "uv": [
            1.5,
            7.25,
            2,
            9
          ],
          "texture": "#0"
        },
        "south": {
          "uv": [
            4,
            4.75,
            5,
            6.5
          ],
          "texture": "#0"
        },
        "west": {
          "uv": [
            2,
            7.25,
            2.5,
            9
          ],
          "texture": "#0"
        },
        "up": {
          "uv": [
            9.5,
            8.25,
            8.5,
            7.75
          ],
          "texture": "#0"
        },
        "down": {
          "uv": [
            9.5,
            8.25,
            8.5,
            8.75
          ],
          "texture": "#0"
        }
      }
    },
    {
      "from": [
        7.001,
        1.001,
        22.001
      ],
      "to": [
        10.999,
        2.999,
        28.999
      ],
      "rotation": {
        "angle": 0,
        "axis": "y",
        "origin": [
          7,
          1,
          22
        ]
      },
      "faces": {
        "north": {
          "uv": [
            6.5,
            8.5,
            7.5,
            9
          ],
          "texture": "#0"
        },
        "east": {
          "uv": [
            7,
            0.75,
            8.75,
            1.25
          ],
          "texture": "#0"
        },
        "south": {
          "uv": [
            7.5,
            8.5,
            8.5,
            9
          ],
          "texture": "#0"
        },
        "west": {
          "uv": [
            7,
            4.75,
            8.75,
            5.25
          ],
          "texture": "#0"
        },
        "up": {
          "uv": [
            5,
            4.75,
            4,
            3
          ],
          "texture": "#0"
        },
        "down": {
          "uv": [
            3,
            4.25,
            2,
            6
          ],
          "texture": "#0"
        }
      }
    },
    {
      "from": [
        7.001,
        1.001,
        20.001
      ],
      "to": [
        10.999,
        4.999,
        21.999
      ],
      "rotation": {
        "angle": 0,
        "axis": "y",
        "origin": [
          7,
          1,
          20
        ]
      },
      "faces": {
        "north": {
          "uv": [
            4.5,
            6.5,
            5.5,
            7.5
          ],
          "texture": "#0"
        },
        "east": {
          "uv": [
            3.5,
            7.25,
            4,
            8.25
          ],
          "texture": "#0"
        },
        "south": {
          "uv": [
            6.5,
            6.25,
            7.5,
            7.25
          ],
          "texture": "#0"
        },
        "west": {
          "uv": [
            3.5,
            8.25,
            4,
            9.25
          ],
          "texture": "#0"
        },
        "up": {
          "uv": [
            9.75,
            1.25,
            8.75,
            0.75
          ],
          "texture": "#0"
        },
        "down": {
          "uv": [
            9.75,
            1.25,
            8.75,
            1.75
          ],
          "texture": "#0"
        }
      }
    },
    {
      "from": [
        7,
        2,
        15
      ],
      "to": [
        11,
        5,
        20
      ],
      "rotation": {
        "angle": 22.5,
        "axis": "x",
        "origin": [
          7,
          2,
          20
        ]
      },
      "faces": {
        "north": {
          "uv": [
            6.5,
            7.75,
            7.5,
            8.5
          ],
          "texture": "#0"
        },
        "east": {
          "uv": [
            7,
            0,
            8.25,
            0.75
          ],
          "texture": "#0"
        },
        "south": {
          "uv": [
            7.5,
            7.75,
            8.5,
            8.5
          ],
          "texture": "#0"
        },
        "west": {
          "uv": [
            7,
            4,
            8.25,
            4.75
          ],
          "texture": "#0"
        },
        "up": {
          "uv": [
            7,
            1.25,
            6,
            0
          ],
          "texture": "#0"
        },
        "down": {
          "uv": [
            3,
            6,
            2,
            7.25
          ],
          "texture": "#0"
        }
      }
    },
    {
      "from": [
        6.995,
        3.995,
        0.995
      ],
      "to": [
        11.005,
        7.005,
        17.005
      ],
      "rotation": {
        "angle": 0,
        "axis": "y",
        "origin": [
          7,
          4,
          3
        ]
      },
      "faces": {
        "north": {
          "uv": [
            8.25,
            0,
            9.25,
            0.75
          ],
          "texture": "#0"
        },
        "east": {
          "uv": [
            2,
            0,
            6,
            0.75
          ],
          "texture": "#0"
        },
        "south": {
          "uv": [
            8.25,
            3.5,
            9.25,
            4.25
          ],
          "texture": "#0"
        },
        "west": {
          "uv": [
            2,
            0.75,
            6,
            1.5
          ],
          "texture": "#0"
        },
        "up": {
          "uv": [
            1,
            4,
            0,
            0
          ],
          "texture": "#0"
        },
        "down": {
          "uv": [
            2,
            0,
            1,
            4
          ],
          "texture": "#0"
        }
      }
    },
    {
      "from": [
        6.995,
        4.995,
        -10.005
      ],
      "to": [
        11.005,
        7.005,
        1.005
      ],
      "rotation": {
        "angle": 0,
        "axis": "y",
        "origin": [
          7,
          5,
          -5
        ]
      },
      "faces": {
        "north": {
          "uv": [
            8.75,
            1.75,
            9.75,
            2.25
          ],
          "texture": "#0"
        },
        "east": {
          "uv": [
            5,
            3,
            7.75,
            3.5
          ],
          "texture": "#0"
        },
        "south": {
          "uv": [
            8.75,
            2.25,
            9.75,
            2.75
          ],
          "texture": "#0"
        },
        "west": {
          "uv": [
            5,
            3.5,
            7.75,
            4
          ],
          "texture": "#0"
        },
        "up": {
          "uv": [
            1,
            6.75,
            0,
            4
          ],
          "texture": "#0"
        },
        "down": {
          "uv": [
            2,
            4,
            1,
            6.75
          ],
          "texture": "#0"
        }
      }
    },
    {
      "from": [
        7,
        4,
        -4
      ],
      "to": [
        11,
        6,
        1
      ],
      "rotation": {
        "angle": 22.5,
        "axis": "x",
        "origin": [
          7,
          4,
          -1
        ]
      },
      "faces": {
        "north": {
          "uv": [
            8.75,
            2.75,
            9.75,
            3.25
          ],
          "texture": "#0"
        },
        "east": {
          "uv": [
            8.25,
            7.25,
            9.5,
            7.75
          ],
          "texture": "#0"
        },
        "south": {
          "uv": [
            8.75,
            4.75,
            9.75,
            5.25
          ],
          "texture": "#0"
        },
        "west": {
          "uv": [
            4.5,
            8.5,
            5.75,
            9
          ],
          "texture": "#0"
        },
        "up": {
          "uv": [
            4,
            7.25,
            3,
            6
          ],
          "texture": "#0"
        },
        "down": {
          "uv": [
            7,
            4,
            6,
            5.25
          ],
          "texture": "#0"
        }
      }
    },
    {
      "from": [
        8,
        5,
        -16
      ],
      "to": [
        10,
        7,
        -9
      ],
      "rotation": {
        "angle": 0,
        "axis": "y",
        "origin": [
          8,
          5,
          -13
        ]
      },
      "faces": {
        "north": {
          "uv": [
            7.75,
            3.5,
            8.25,
            4
          ],
          "texture": "#0"
        },
        "east": {
          "uv": [
            6.5,
            7.25,
            8.25,
            7.75
          ],
          "texture": "#0"
        },
        "south": {
          "uv": [
            5.75,
            8.75,
            6.25,
            9.25
          ],
          "texture": "#0"
        },
        "west": {
          "uv": [
            7.5,
            6.25,
            9.25,
            6.75
          ],
          "texture": "#0"
        },
        "up": {
          "uv": [
            3,
            9,
            2.5,
            7.25
          ],
          "texture": "#0"
        },
        "down": {
          "uv": [
            3.5,
            7.25,
            3,
            9
          ],
          "texture": "#0"
        }
      }
    },
    {
      "from": [
        6.999,
        4.999,
        -10.001
      ],
      "to": [
        9.001,
        7.001,
        -7.999
      ],
      "rotation": {
        "angle": 45,
        "axis": "y",
        "origin": [
          7,
          5,
          -10
        ]
      },
      "faces": {
        "north": {
          "uv": [
            8.75,
            6.75,
            9.25,
            7.25
          ],
          "texture": "#0"
        },
        "east": {
          "uv": [
            8.5,
            8.75,
            9,
            9.25
          ],
          "texture": "#0"
        },
        "south": {
          "uv": [
            1.5,
            9,
            2,
            9.5
          ],
          "texture": "#0"
        },
        "west": {
          "uv": [
            2,
            9,
            2.5,
            9.5
          ],
          "texture": "#0"
        },
        "up": {
          "uv": [
            3,
            9.5,
            2.5,
            9
          ],
          "texture": "#0"
        },
        "down": {
          "uv": [
            3.5,
            9,
            3,
            9.5
          ],
          "texture": "#0"
        }
      }
    },
    {
      "from": [
        8.998,
        4.998,
        -10.002
      ],
      "to": [
        11.002,
        7.002,
        -7.998
      ],
      "rotation": {
        "angle": -45,
        "axis": "y",
        "origin": [
          11,
          5,
          -10
        ]
      },
      "faces": {
        "north": {
          "uv": [
            4,
            9,
            4.5,
            9.5
          ],
          "texture": "#0"
        },
        "east": {
          "uv": [
            4.5,
            9,
            5,
            9.5
          ],
          "texture": "#0"
        },
        "south": {
          "uv": [
            5,
            9,
            5.5,
            9.5
          ],
          "texture": "#0"
        },
        "west": {
          "uv": [
            6.25,
            9,
            6.75,
            9.5
          ],
          "texture": "#0"
        },
        "up": {
          "uv": [
            7.25,
            9.5,
            6.75,
            9
          ],
          "texture": "#0"
        },
        "down": {
          "uv": [
            7.75,
            9,
            7.25,
            9.5
          ],
          "texture": "#0"
        }
      }
    },
    {
      "from": [
        7.995,
        7.395,
        5.995
      ],
      "to": [
        10.005,
        9.405,
        16.005
      ],
      "rotation": {
        "angle": 0,
        "axis": "y",
        "origin": [
          8,
          8,
          6
        ]
      },
      "faces": {
        "north": {
          "uv": [
            7.75,
            9,
            8.25,
            9.5
          ],
          "texture": "#0"
        },
        "east": {
          "uv": [
            6,
            5.25,
            8.5,
            5.75
          ],
          "texture": "#0"
        },
        "south": {
          "uv": [
            9,
            8.75,
            9.5,
            9.25
          ],
          "texture": "#0"
        },
        "west": {
          "uv": [
            6,
            5.75,
            8.5,
            6.25
          ],
          "texture": "#0"
        },
        "up": {
          "uv": [
            6.5,
            8.75,
            6,
            6.25
          ],
          "texture": "#0"
        },
        "down": {
          "uv": [
            4.5,
            6.5,
            4,
            9
          ],
          "texture": "#0"
        }
      }
    },
    {
      "from": [
        8,
        6,
        7
      ],
      "to": [
        10,
        8,
        15
      ],
      "rotation": {
        "angle": -22.5,
        "axis": "z",
        "origin": [
          8,
          6,
          7
        ]
      },
      "faces": {
        "north": {
          "uv": [
            0,
            9.25,
            0.5,
            9.75
          ],
          "texture": "#0"
        },
        "east": {
          "uv": [
            0,
            6.75,
            2,
            7.25
          ],
          "texture": "#0"
        },
        "south": {
          "uv": [
            9.25,
            0,
            9.75,
            0.5
          ],
          "texture": "#0"
        },
        "west": {
          "uv": [
            6.75,
            1.25,
            8.75,
            1.75
          ],
          "texture": "#0"
        },
        "up": {
          "uv": [
            6,
            8.5,
            5.5,
            6.5
          ],
          "texture": "#0"
        },
        "down": {
          "uv": [
            0.5,
            7.25,
            0,
            9.25
          ],
          "texture": "#0"
        }
      }
    },
    {
      "from": [
        8.001,
        6.001,
        7.001
      ],
      "to": [
        9.999,
        7.999,
        14.999
      ],
      "rotation": {
        "angle": 22.5,
        "axis": "z",
        "origin": [
          10,
          6,
          7
        ]
      },
      "faces": {
        "north": {
          "uv": [
            0.5,
            9.25,
            1,
            9.75
          ],
          "texture": "#0"
        },
        "east": {
          "uv": [
            6.75,
            1.75,
            8.75,
            2.25
          ],
          "texture": "#0"
        },
        "south": {
          "uv": [
            1,
            9.25,
            1.5,
            9.75
          ],
          "texture": "#0"
        },
        "west": {
          "uv": [
            6.75,
            2.25,
            8.75,
            2.75
          ],
          "texture": "#0"
        },
        "up": {
          "uv": [
            1,
            9.25,
            0.5,
            7.25
          ],
          "texture": "#0"
        },
        "down": {
          "uv": [
            1.5,
            7.25,
            1,
            9.25
          ],
          "texture": "#0"
        }
      }
    }
  ],
  "display": {
    "thirdperson_righthand": {
      "translation": [
        -0.75,
        3.25,
        -2
      ],
      "scale": [
        0.7,
        0.7,
        0.7
      ]
    },
    "thirdperson_lefthand": {
      "translation": [
        0.75,
        3.25,
        -2
      ],
      "scale": [
        0.7,
        0.7,
        0.7
      ]
    },
    "firstperson_righthand": {
      "translation": [
        -2.5,
        4.25,
        -2.5
      ]
    },
    "firstperson_lefthand": {
      "translation": [
        -0.25,
        4.25,
        -2.5
      ]
    },
    "gui": {
      "rotation": [
        90,
        -49.75,
        90
      ],
      "translation": [
        -1.5,
        1.5,
        0
      ],
      "scale": [
        0.45,
        0.45,
        0.45
      ]
    },
    "head": {
      "rotation": [
        -90.81,
        27.48,
        90.44
      ],
      "translation": [
        -0.5,
        -13.75,
        5.75
      ],
      "scale": [
        0.7,
        0.7,
        0.7
      ]
    },
    "fixed": {
      "rotation": [
        90,
        49.5,
        -90
      ],
      "translation": [
        2.5,
        4.75,
        0
      ]
    }
  }
}