{
  "format_version": "1.9.0",
  "credit": "Made with Blockbench",
  "parent": "stoegercondorfield",
  "texture_size": [
    64,
    64
  ],
  "elements": [
    {
      "from": [
        7.2,
        0.8,
        26.6
      ],
      "to": [
        10.4,
        2.4,
        31.4
      ],
      "rotation": {
        "angle": 22.5,
        "axis": "x",
        "origin": [
          7.2,
          0.8,
          28.2
        ]
      },
      "faces": {
        "north": {
          "uv": [
            5,
            6.5,
            5.75,
            7
          ],
          "texture": "#0"
        },
        "east": {
          "uv": [
            5,
            3.25,
            6.25,
            3.75
          ],
          "texture": "#0"
        },
        "south": {
          "uv": [
            5.75,
            6.5,
            6.5,
            7
          ],
          "texture": "#0"
        },
        "west": {
          "uv": [
            5.75,
            0.75,
            7,
            1.25
          ],
          "texture": "#0"
        },
        "up": {
          "uv": [
            5.75,
            2,
            5,
            0.75
          ],
          "texture": "#0"
        },
        "down": {
          "uv": [
            5.75,
            2,
            5,
            3.25
          ],
          "texture": "#0"
        }
      }
    },
    {
      "from": [
        7.208,
        0.808,
        28.528
      ],
      "to": [
        10.392,
        3.992,
        31.712
      ],
      "rotation": {
        "angle": 0,
        "axis": "y",
        "origin": [
          7.2,
          4.8,
          30.6
        ]
      },
      "faces": {
        "north": {
          "uv": [
            0.75,
            5.75,
            1.5,
            6.5
          ],
          "texture": "#0"
        },
        "east": {
          "uv": [
            5.75,
            1.25,
            6.5,
            2
          ],
          "texture": "#0"
        },
        "south": {
          "uv": [
            5.75,
            2,
            6.5,
            2.75
          ],
          "texture": "#0"
        },
        "west": {
          "uv": [
            4.25,
            5.75,
            5,
            6.5
          ],
          "texture": "#0"
        },
        "up": {
          "uv": [
            5.75,
            6.5,
            5,
            5.75
          ],
          "texture": "#0"
        },
        "down": {
          "uv": [
            6.5,
            5.75,
            5.75,
            6.5
          ],
          "texture": "#0"
        }
      }
    },
    {
      "from": [
        7.208,
        1.608,
        26.928
      ],
      "to": [
        10.392,
        3.992,
        28.512
      ],
      "rotation": {
        "angle": 0,
        "axis": "y",
        "origin": [
          7.2,
          4.8,
          27.4
        ]
      },
      "faces": {
        "north": {
          "uv": [
            6.5,
            5.75,
            7.25,
            6.25
          ],
          "texture": "#0"
        },
        "east": {
          "uv": [
            5.75,
            2.75,
            6.25,
            3.25
          ],
          "texture": "#0"
        },
        "south": {
          "uv": [
            6.5,
            6.25,
            7.25,
            6.75
          ],
          "texture": "#0"
        },
        "west": {
          "uv": [
            7.25,
            2.25,
            7.75,
            2.75
          ],
          "texture": "#0"
        },
        "up": {
          "uv": [
            7.5,
            5.5,
            6.75,
            5
          ],
          "texture": "#0"
        },
        "down": {
          "uv": [
            7.25,
            6.75,
            6.5,
            7.25
          ],
          "texture": "#0"
        }
      }
    },
    {
      "from": [
        7.208,
        0.808,
        24.528
      ],
      "to": [
        10.392,
        3.992,
        26.912
      ],
      "rotation": {
        "angle": 0,
        "axis": "y",
        "origin": [
          7.2,
          4.8,
          25.8
        ]
      },
      "faces": {
        "north": {
          "uv": [
            6.25,
            2.75,
            7,
            3.5
          ],
          "texture": "#0"
        },
        "east": {
          "uv": [
            0,
            7,
            0.5,
            7.75
          ],
          "texture": "#0"
        },
        "south": {
          "uv": [
            0.75,
            6.5,
            1.5,
            7.25
          ],
          "texture": "#0"
        },
        "west": {
          "uv": [
            7,
            2.75,
            7.5,
            3.5
          ],
          "texture": "#0"
        },
        "up": {
          "uv": [
            7.75,
            1.25,
            7,
            0.75
          ],
          "texture": "#0"
        },
        "down": {
          "uv": [
            5.75,
            7,
            5,
            7.5
          ],
          "texture": "#0"
        }
      }
    },
    {
      "from": [
        7.216,
        1.616,
        21.336
      ],
      "to": [
        10.384,
        4.784,
        26.104
      ],
      "rotation": {
        "angle": 22.5,
        "axis": "x",
        "origin": [
          7.2,
          4.8,
          23.4
        ]
      },
      "faces": {
        "north": {
          "uv": [
            6.5,
            1.25,
            7.25,
            2
          ],
          "texture": "#0"
        },
        "east": {
          "uv": [
            4.25,
            5,
            5.5,
            5.75
          ],
          "texture": "#0"
        },
        "south": {
          "uv": [
            6.5,
            2,
            7.25,
            2.75
          ],
          "texture": "#0"
        },
        "west": {
          "uv": [
            5.5,
            5,
            6.75,
            5.75
          ],
          "texture": "#0"
        },
        "up": {
          "uv": [
            4.25,
            6.5,
            3.5,
            5.25
          ],
          "texture": "#0"
        },
        "down": {
          "uv": [
            0.75,
            5.75,
            0,
            7
          ],
          "texture": "#0"
        }
      }
    },
    {
      "from": [
        7.2,
        2.4,
        4.72
      ],
      "to": [
        10.4,
        5.6,
        22.12
      ],
      "rotation": {
        "angle": 0,
        "axis": "y",
        "origin": [
          7.2,
          5.6,
          19.4
        ]
      },
      "faces": {
        "north": {
          "uv": [
            3.5,
            6.5,
            4.25,
            7.25
          ],
          "texture": "#0"
        },
        "east": {
          "uv": [
            0,
            0,
            4.25,
            0.75
          ],
          "texture": "#0"
        },
        "south": {
          "uv": [
            4.25,
            6.5,
            5,
            7.25
          ],
          "texture": "#0"
        },
        "west": {
          "uv": [
            0,
            0.75,
            4.25,
            1.5
          ],
          "texture": "#0"
        },
        "up": {
          "uv": [
            0.75,
            5.75,
            0,
            1.5
          ],
          "texture": "#0"
        },
        "down": {
          "uv": [
            1.5,
            1.5,
            0.75,
            5.75
          ],
          "texture": "#0"
        }
      }
    },
    {
      "from": [
        7.6,
        4.08,
        -16
      ],
      "to": [
        10,
        5.52,
        7.72
      ],
      "rotation": {
        "angle": 0,
        "axis": "y",
        "origin": [
          7.2,
          5.6,
          5.8
        ]
      },
      "faces": {
        "north": {
          "uv": [
            2,
            7.5,
            2.5,
            7.75
          ],
          "texture": "#0"
        },
        "east": {
          "uv": [
            4.25,
            4.75,
            10.25,
            5
          ],
          "texture": "#0"
        },
        "south": {
          "uv": [
            2.5,
            7.5,
            3,
            7.75
          ],
          "texture": "#0"
        },
        "west": {
          "uv": [
            5,
            0,
            11,
            0.25
          ],
          "texture": "#0"
        },
        "up": {
          "uv": [
            2,
            7.5,
            1.5,
            1.5
          ],
          "texture": "#0"
        },
        "down": {
          "uv": [
            2.5,
            1.5,
            2,
            7.5
          ],
          "texture": "#0"
        }
      }
    },
    {
      "from": [
        7.6,
        2.4,
        -16
      ],
      "to": [
        10,
        3.84,
        7.72
      ],
      "rotation": {
        "angle": 0,
        "axis": "y",
        "origin": [
          7.2,
          4,
          5.8
        ]
      },
      "faces": {
        "north": {
          "uv": [
            7.5,
            2.75,
            8,
            3
          ],
          "texture": "#0"
        },
        "east": {
          "uv": [
            5,
            0.25,
            11,
            0.5
          ],
          "texture": "#0"
        },
        "south": {
          "uv": [
            3,
            7.5,
            3.5,
            7.75
          ],
          "texture": "#0"
        },
        "west": {
          "uv": [
            5,
            0.5,
            11,
            0.75
          ],
          "texture": "#0"
        },
        "up": {
          "uv": [
            3,
            7.5,
            2.5,
            1.5
          ],
          "texture": "#0"
        },
        "down": {
          "uv": [
            3.5,
            1.5,
            3,
            7.5
          ],
          "texture": "#0"
        }
      }
    },
    {
      "from": [
        7.04,
        2.08,
        5.16
      ],
      "to": [
        10.56,
        4.8,
        22.48
      ],
      "rotation": {
        "angle": 0,
        "axis": "y",
        "origin": [
          7.2,
          5.6,
          18.6
        ]
      },
      "faces": {
        "north": {
          "uv": [
            5.75,
            7,
            6.5,
            7.5
          ],
          "texture": "#0"
        },
        "east": {
          "uv": [
            4.25,
            3.75,
            8,
            4.25
          ],
          "texture": "#0"
        },
        "south": {
          "uv": [
            0.5,
            7.25,
            1.25,
            7.75
          ],
          "texture": "#0"
        },
        "west": {
          "uv": [
            4.25,
            4.25,
            8,
            4.75
          ],
          "texture": "#0"
        },
        "up": {
          "uv": [
            4.25,
            5.25,
            3.5,
            1.5
          ],
          "texture": "#0"
        },
        "down": {
          "uv": [
            5,
            0,
            4.25,
            3.75
          ],
          "texture": "#0"
        }
      }
    },
    {
      "from": [
        7.2,
        0.96,
        20.2
      ],
      "to": [
        10.4,
        2.16,
        20.6
      ],
      "rotation": {
        "angle": 0,
        "axis": "y",
        "origin": [
          7.2,
          0.8,
          20.2
        ]
      },
      "faces": {
        "north": {
          "uv": [
            6.25,
            3.5,
            7,
            3.75
          ],
          "texture": "#0"
        },
        "east": {
          "uv": [
            0.5,
            7,
            0.75,
            7.25
          ],
          "texture": "#0"
        },
        "south": {
          "uv": [
            6.75,
            5.5,
            7.5,
            5.75
          ],
          "texture": "#0"
        },
        "west": {
          "uv": [
            1.25,
            7.25,
            1.5,
            7.5
          ],
          "texture": "#0"
        },
        "up": {
          "uv": [
            7.75,
            3.75,
            7,
            3.5
          ],
          "texture": "#0"
        },
        "down": {
          "uv": [
            4.25,
            7.25,
            3.5,
            7.5
          ],
          "texture": "#0"
        }
      }
    },
    {
      "from": [
        7.2,
        0.64,
        18.6
      ],
      "to": [
        10.4,
        1.84,
        19
      ],
      "rotation": {
        "angle": -22.5,
        "axis": "x",
        "origin": [
          7.2,
          0.8,
          17.8
        ]
      },
      "faces": {
        "north": {
          "uv": [
            7.25,
            6,
            8,
            6.25
          ],
          "texture": "#0"
        },
        "east": {
          "uv": [
            3.5,
            7.5,
            3.75,
            7.75
          ],
          "texture": "#0"
        },
        "south": {
          "uv": [
            7.25,
            6.25,
            8,
            6.5
          ],
          "texture": "#0"
        },
        "west": {
          "uv": [
            3.75,
            7.5,
            4,
            7.75
          ],
          "texture": "#0"
        },
        "up": {
          "uv": [
            7.25,
            7.5,
            6.5,
            7.25
          ],
          "texture": "#0"
        },
        "down": {
          "uv": [
            8,
            6.5,
            7.25,
            6.75
          ],
          "texture": "#0"
        }
      }
    },
    {
      "from": [
        7.2,
        2.24,
        19.8
      ],
      "to": [
        10.4,
        2.64,
        20.2
      ],
      "rotation": {
        "angle": 22.5,
        "axis": "x",
        "origin": [
          7.2,
          2.4,
          18.6
        ]
      },
      "faces": {
        "north": {
          "uv": [
            7.25,
            6.75,
            8,
            7
          ],
          "texture": "#0"
        },
        "east": {
          "uv": [
            4,
            7.5,
            4.25,
            7.75
          ],
          "texture": "#0"
        },
        "south": {
          "uv": [
            7.25,
            7,
            8,
            7.25
          ],
          "texture": "#0"
        },
        "west": {
          "uv": [
            4.25,
            7.5,
            4.5,
            7.75
          ],
          "texture": "#0"
        },
        "up": {
          "uv": [
            8,
            7.5,
            7.25,
            7.25
          ],
          "texture": "#0"
        },
        "down": {
          "uv": [
            2,
            7.5,
            1.25,
            7.75
          ],
          "texture": "#0"
        }
      }
    },
    {
      "from": [
        7.208,
        0.968,
        18.608
      ],
      "to": [
        10.392,
        1.352,
        20.592
      ],
      "rotation": {
        "angle": 0,
        "axis": "y",
        "origin": [
          7.2,
          0.8,
          20.2
        ]
      },
      "faces": {
        "north": {
          "uv": [
            4.25,
            7.25,
            5,
            7.5
          ],
          "texture": "#0"
        },
        "east": {
          "uv": [
            7.5,
            3,
            8,
            3.25
          ],
          "texture": "#0"
        },
        "south": {
          "uv": [
            7.25,
            5.75,
            8,
            6
          ],
          "texture": "#0"
        },
        "west": {
          "uv": [
            7.5,
            3.25,
            8,
            3.5
          ],
          "texture": "#0"
        },
        "up": {
          "uv": [
            8,
            1.75,
            7.25,
            1.25
          ],
          "texture": "#0"
        },
        "down": {
          "uv": [
            8,
            1.75,
            7.25,
            2.25
          ],
          "texture": "#0"
        }
      }
    }
  ],
  "display": {
    "thirdperson_righthand": {
      "translation": [
        -0.5,
        3,
        -4.25
      ],
      "scale": [
        0.5,
        0.5,
        0.5
      ]
    },
    "thirdperson_lefthand": {
      "translation": [
        0.5,
        3,
        -4.25
      ],
      "scale": [
        0.5,
        0.5,
        0.5
      ]
    },
    "firstperson_righthand": {
      "translation": [
        0,
        8,
        0
      ]
    },
    "firstperson_lefthand": {
      "translation": [
        0,
        8,
        0
      ]
    },
    "ground": {
      "translation": [
        0,
        1,
        0
      ],
      "scale": [
        0.5,
        0.5,
        0.5
      ]
    },
    "gui": {
      "rotation": [
        90,
        -49,
        90
      ],
      "translation": [
        -1.5,
        1.75,
        0
      ],
      "scale": [
        0.5,
        0.5,
        0.5
      ]
    },
    "fixed": {
      "rotation": [
        90,
        52.75,
        -90
      ],
      "translation": [
        2,
        4.5,
        0
      ],
      "scale": [
        0.8,
        0.8,
        0.8
      ]
    }
  }
}