{
  "format_version": "1.9.0",
  "credit": "Made with Blockbench",
  "parent": "uzi",
  "texture_size": [
    64,
    64
  ],
  "elements": [
    {
      "from": [
        7.5,
        0.5,
        -3.5
      ],
      "to": [
        10.5,
        7.5,
        -2.5
      ],
      "rotation": {
        "angle": 0,
        "axis": "y",
        "origin": [
          7,
          0,
          -4
        ]
      },
      "faces": {
        "north": {
          "uv": [
            3,
            1.5,
            4,
            3.5
          ],
          "texture": "#0"
        },
        "east": {
          "uv": [
            5.5,
            2,
            6,
            4
          ],
          "texture": "#0"
        },
        "south": {
          "uv": [
            3,
            3.5,
            4,
            5.5
          ],
          "texture": "#0"
        },
        "west": {
          "uv": [
            3,
            5.5,
            3.5,
            7.5
          ],
          "texture": "#0"
        },
        "up": {
          "uv": [
            6.5,
            7.25,
            5.5,
            6.75
          ],
          "texture": "#0"
        },
        "down": {
          "uv": [
            7.75,
            6,
            6.75,
            6.5
          ],
          "texture": "#0"
        }
      }
    },
    {
      "from": [
        7.01,
        0.01,
        6.01
      ],
      "to": [
        10.99,
        7.99,
        6.99
      ],
      "rotation": {
        "angle": 0,
        "axis": "y",
        "origin": [
          7,
          0,
          6
        ]
      },
      "faces": {
        "north": {
          "uv": [
            4,
            1.5,
            5,
            3.5
          ],
          "texture": "#0"
        },
        "east": {
          "uv": [
            4.75,
            5.5,
            5,
            7.5
          ],
          "texture": "#0"
        },
        "south": {
          "uv": [
            4,
            3.5,
            5,
            5.5
          ],
          "texture": "#0"
        },
        "west": {
          "uv": [
            7.25,
            4,
            7.5,
            6
          ],
          "texture": "#0"
        },
        "up": {
          "uv": [
            8.75,
            6.75,
            7.75,
            6.5
          ],
          "texture": "#0"
        },
        "down": {
          "uv": [
            9,
            5.5,
            8,
            5.75
          ],
          "texture": "#0"
        }
      }
    },
    {
      "from": [
        7,
        1,
        5
      ],
      "to": [
        11,
        7,
        6
      ],
      "rotation": {
        "angle": 0,
        "axis": "y",
        "origin": [
          7,
          2,
          5
        ]
      },
      "faces": {
        "north": {
          "uv": [
            0,
            5.5,
            1,
            6.75
          ],
          "texture": "#0"
        },
        "east": {
          "uv": [
            7,
            2,
            7.25,
            3.25
          ],
          "texture": "#0"
        },
        "south": {
          "uv": [
            1,
            5.5,
            2,
            6.75
          ],
          "texture": "#0"
        },
        "west": {
          "uv": [
            7,
            4,
            7.25,
            5.25
          ],
          "texture": "#0"
        },
        "up": {
          "uv": [
            9,
            6,
            8,
            5.75
          ],
          "texture": "#0"
        },
        "down": {
          "uv": [
            9,
            6.75,
            8,
            7
          ],
          "texture": "#0"
        }
      }
    },
    {
      "from": [
        7,
        7,
        -3
      ],
      "to": [
        11,
        10,
        19
      ],
      "rotation": {
        "angle": 0,
        "axis": "y",
        "origin": [
          7,
          7,
          -3
        ]
      },
      "faces": {
        "north": {
          "uv": [
            3.5,
            5.5,
            4.5,
            6.25
          ],
          "texture": "#0"
        },
        "east": {
          "uv": [
            2,
            0,
            7.5,
            0.75
          ],
          "texture": "#0"
        },
        "south": {
          "uv": [
            5.5,
            4,
            6.5,
            4.75
          ],
          "texture": "#0"
        },
        "west": {
          "uv": [
            2,
            0.75,
            7.5,
            1.5
          ],
          "texture": "#0"
        },
        "up": {
          "uv": [
            1,
            5.5,
            0,
            0
          ],
          "texture": "#0"
        },
        "down": {
          "uv": [
            2,
            0,
            1,
            5.5
          ],
          "texture": "#0"
        }
      }
    },
    {
      "from": [
        7.9,
        9.9,
        -3.1
      ],
      "to": [
        10.1,
        11.1,
        19.1
      ],
      "rotation": {
        "angle": 0,
        "axis": "y",
        "origin": [
          8,
          10,
          -3
        ]
      },
      "faces": {
        "north": {
          "uv": [
            1.5,
            8.25,
            2,
            8.5
          ],
          "texture": "#0"
        },
        "east": {
          "uv": [
            5,
            1.5,
            10.5,
            1.75
          ],
          "texture": "#0"
        },
        "south": {
          "uv": [
            4,
            8.25,
            4.5,
            8.5
          ],
          "texture": "#0"
        },
        "west": {
          "uv": [
            5,
            1.75,
            10.5,
            2
          ],
          "texture": "#0"
        },
        "up": {
          "uv": [
            2.5,
            7,
            2,
            1.5
          ],
          "texture": "#0"
        },
        "down": {
          "uv": [
            3,
            1.5,
            2.5,
            7
          ],
          "texture": "#0"
        }
      }
    },
    {
      "from": [
        7.3,
        6.3,
        6.3
      ],
      "to": [
        10.7,
        8.7,
        18.7
      ],
      "rotation": {
        "angle": 0,
        "axis": "y",
        "origin": [
          8,
          7,
          7
        ]
      },
      "faces": {
        "north": {
          "uv": [
            5.75,
            8.25,
            6.25,
            8.5
          ],
          "texture": "#0"
        },
        "east": {
          "uv": [
            6,
            3.5,
            8.75,
            3.75
          ],
          "texture": "#0"
        },
        "south": {
          "uv": [
            8.25,
            6,
            8.75,
            6.25
          ],
          "texture": "#0"
        },
        "west": {
          "uv": [
            6,
            3.75,
            8.75,
            4
          ],
          "texture": "#0"
        },
        "up": {
          "uv": [
            5.5,
            4.75,
            5,
            2
          ],
          "texture": "#0"
        },
        "down": {
          "uv": [
            5.5,
            4.75,
            5,
            7.5
          ],
          "texture": "#0"
        }
      }
    },
    {
      "from": [
        8,
        8,
        18
      ],
      "to": [
        10,
        10,
        23
      ],
      "rotation": {
        "angle": 0,
        "axis": "y",
        "origin": [
          8,
          8,
          18
        ]
      },
      "faces": {
        "north": {
          "uv": [
            6.25,
            7.25,
            6.75,
            7.75
          ],
          "texture": "#0"
        },
        "east": {
          "uv": [
            3.5,
            6.25,
            4.75,
            6.75
          ],
          "texture": "#0"
        },
        "south": {
          "uv": [
            6.75,
            7.25,
            7.25,
            7.75
          ],
          "texture": "#0"
        },
        "west": {
          "uv": [
            5.5,
            6.25,
            6.75,
            6.75
          ],
          "texture": "#0"
        },
        "up": {
          "uv": [
            7,
            5.25,
            6.5,
            4
          ],
          "texture": "#0"
        },
        "down": {
          "uv": [
            0.5,
            6.75,
            0,
            8
          ],
          "texture": "#0"
        }
      }
    },
    {
      "from": [
        7.99,
        6.99,
        18.99
      ],
      "to": [
        10.01,
        11.01,
        20.01
      ],
      "rotation": {
        "angle": 0,
        "axis": "y",
        "origin": [
          8,
          7,
          19
        ]
      },
      "faces": {
        "north": {
          "uv": [
            1.5,
            6.75,
            2,
            7.75
          ],
          "texture": "#0"
        },
        "east": {
          "uv": [
            5.75,
            7.25,
            6,
            8.25
          ],
          "texture": "#0"
        },
        "south": {
          "uv": [
            4.25,
            6.75,
            4.75,
            7.75
          ],
          "texture": "#0"
        },
        "west": {
          "uv": [
            6,
            7.25,
            6.25,
            8.25
          ],
          "texture": "#0"
        },
        "up": {
          "uv": [
            8,
            3.25,
            7.5,
            3
          ],
          "texture": "#0"
        },
        "down": {
          "uv": [
            8.5,
            7,
            8,
            7.25
          ],
          "texture": "#0"
        }
      }
    },
    {
      "from": [
        6.99,
        7.99,
        18.99
      ],
      "to": [
        11.01,
        10.01,
        20.01
      ],
      "rotation": {
        "angle": 0,
        "axis": "y",
        "origin": [
          7,
          8,
          19
        ]
      },
      "faces": {
        "north": {
          "uv": [
            6.5,
            6.75,
            7.5,
            7.25
          ],
          "texture": "#0"
        },
        "east": {
          "uv": [
            4.5,
            5.5,
            4.75,
            6
          ],
          "texture": "#0"
        },
        "south": {
          "uv": [
            2,
            7,
            3,
            7.5
          ],
          "texture": "#0"
        },
        "west": {
          "uv": [
            5.25,
            7.5,
            5.5,
            8
          ],
          "texture": "#0"
        },
        "up": {
          "uv": [
            7.75,
            6.75,
            6.75,
            6.5
          ],
          "texture": "#0"
        },
        "down": {
          "uv": [
            8,
            3.25,
            7,
            3.5
          ],
          "texture": "#0"
        }
      }
    },
    {
      "from": [
        6.99,
        9.99,
        -2.01
      ],
      "to": [
        11.01,
        13.01,
        1.01
      ],
      "rotation": {
        "angle": 45,
        "axis": "x",
        "origin": [
          7,
          10,
          -2
        ]
      },
      "faces": {
        "north": {
          "uv": [
            5.5,
            4.75,
            6.5,
            5.5
          ],
          "texture": "#0"
        },
        "east": {
          "uv": [
            6.5,
            5.25,
            7.25,
            6
          ],
          "texture": "#0"
        },
        "south": {
          "uv": [
            5.5,
            5.5,
            6.5,
            6.25
          ],
          "texture": "#0"
        },
        "west": {
          "uv": [
            3.5,
            6.75,
            4.25,
            7.5
          ],
          "texture": "#0"
        },
        "up": {
          "uv": [
            7,
            2.75,
            6,
            2
          ],
          "texture": "#0"
        },
        "down": {
          "uv": [
            7,
            2.75,
            6,
            3.5
          ],
          "texture": "#0"
        }
      }
    },
    {
      "from": [
        8,
        10,
        13
      ],
      "to": [
        10,
        12,
        15
      ],
      "rotation": {
        "angle": 0,
        "axis": "y",
        "origin": [
          8,
          10,
          13
        ]
      },
      "faces": {
        "north": {
          "uv": [
            7.25,
            7.25,
            7.75,
            7.75
          ],
          "texture": "#0"
        },
        "east": {
          "uv": [
            7.5,
            0,
            8,
            0.5
          ],
          "texture": "#0"
        },
        "south": {
          "uv": [
            7.5,
            0.5,
            8,
            1
          ],
          "texture": "#0"
        },
        "west": {
          "uv": [
            7.5,
            1,
            8,
            1.5
          ],
          "texture": "#0"
        },
        "up": {
          "uv": [
            2.5,
            8,
            2,
            7.5
          ],
          "texture": "#0"
        },
        "down": {
          "uv": [
            8,
            2,
            7.5,
            2.5
          ],
          "texture": "#0"
        }
      }
    },
    {
      "from": [
        8,
        10,
        17
      ],
      "to": [
        10,
        12,
        19
      ],
      "rotation": {
        "angle": 22.5,
        "axis": "x",
        "origin": [
          8,
          10,
          17
        ]
      },
      "faces": {
        "north": {
          "uv": [
            2.5,
            7.5,
            3,
            8
          ],
          "texture": "#0"
        },
        "east": {
          "uv": [
            7.5,
            2.5,
            8,
            3
          ],
          "texture": "#0"
        },
        "south": {
          "uv": [
            3,
            7.5,
            3.5,
            8
          ],
          "texture": "#0"
        },
        "west": {
          "uv": [
            3.5,
            7.5,
            4,
            8
          ],
          "texture": "#0"
        },
        "up": {
          "uv": [
            8,
            4.5,
            7.5,
            4
          ],
          "texture": "#0"
        },
        "down": {
          "uv": [
            8,
            4.5,
            7.5,
            5
          ],
          "texture": "#0"
        }
      }
    },
    {
      "from": [
        10,
        8,
        17
      ],
      "to": [
        12,
        10,
        19
      ],
      "rotation": {
        "angle": -22.5,
        "axis": "y",
        "origin": [
          10,
          8,
          17
        ]
      },
      "faces": {
        "north": {
          "uv": [
            2,
            8,
            2.5,
            8.5
          ],
          "texture": "#0"
        },
        "east": {
          "uv": [
            8,
            2,
            8.5,
            2.5
          ],
          "texture": "#0"
        },
        "south": {
          "uv": [
            2.5,
            8,
            3,
            8.5
          ],
          "texture": "#0"
        },
        "west": {
          "uv": [
            8,
            2.5,
            8.5,
            3
          ],
          "texture": "#0"
        },
        "up": {
          "uv": [
            3.5,
            8.5,
            3,
            8
          ],
          "texture": "#0"
        },
        "down": {
          "uv": [
            8.5,
            3,
            8,
            3.5
          ],
          "texture": "#0"
        }
      }
    },
    {
      "from": [
        7,
        8,
        17
      ],
      "to": [
        9,
        10,
        19
      ],
      "rotation": {
        "angle": 22.5,
        "axis": "y",
        "origin": [
          7,
          8,
          19
        ]
      },
      "color": 6,
      "faces": {
        "north": {
          "uv": [
            0,
            0,
            0.5,
            0.5
          ],
          "texture": "#missing"
        },
        "east": {
          "uv": [
            0,
            0,
            0.5,
            0.5
          ],
          "texture": "#missing"
        },
        "south": {
          "uv": [
            0,
            0,
            0.5,
            0.5
          ],
          "texture": "#missing"
        },
        "west": {
          "uv": [
            0,
            0,
            0.5,
            0.5
          ],
          "texture": "#missing"
        },
        "up": {
          "uv": [
            0,
            0,
            0.5,
            0.5
          ],
          "rotation": 270,
          "texture": "#missing"
        },
        "down": {
          "uv": [
            0,
            0,
            0.5,
            0.5
          ],
          "rotation": 90,
          "texture": "#missing"
        }
      }
    },
    {
      "from": [
        8,
        6,
        17
      ],
      "to": [
        10,
        8,
        19
      ],
      "rotation": {
        "angle": -22.5,
        "axis": "x",
        "origin": [
          8,
          8,
          17
        ]
      },
      "faces": {
        "north": {
          "uv": [
            7.75,
            6,
            8.25,
            6.5
          ],
          "texture": "#0"
        },
        "east": {
          "uv": [
            6.25,
            7.75,
            6.75,
            8.25
          ],
          "texture": "#0"
        },
        "south": {
          "uv": [
            6.75,
            7.75,
            7.25,
            8.25
          ],
          "texture": "#0"
        },
        "west": {
          "uv": [
            7.25,
            7.75,
            7.75,
            8.25
          ],
          "texture": "#0"
        },
        "up": {
          "uv": [
            8.25,
            7.75,
            7.75,
            7.25
          ],
          "texture": "#0"
        },
        "down": {
          "uv": [
            8.25,
            7.75,
            7.75,
            8.25
          ],
          "texture": "#0"
        }
      }
    },
    {
      "from": [
        6,
        8,
        17
      ],
      "to": [
        8,
        10,
        19
      ],
      "rotation": {
        "angle": 22.5,
        "axis": "y",
        "origin": [
          8,
          8,
          17
        ]
      },
      "faces": {
        "north": {
          "uv": [
            3.5,
            8,
            4,
            8.5
          ],
          "texture": "#0"
        },
        "east": {
          "uv": [
            8,
            4,
            8.5,
            4.5
          ],
          "texture": "#0"
        },
        "south": {
          "uv": [
            4.5,
            8,
            5,
            8.5
          ],
          "texture": "#0"
        },
        "west": {
          "uv": [
            8,
            4.5,
            8.5,
            5
          ],
          "texture": "#0"
        },
        "up": {
          "uv": [
            5.5,
            8.5,
            5,
            8
          ],
          "texture": "#0"
        },
        "down": {
          "uv": [
            8.5,
            5,
            8,
            5.5
          ],
          "texture": "#0"
        }
      }
    },
    {
      "from": [
        8,
        4,
        6
      ],
      "to": [
        10,
        9,
        7
      ],
      "rotation": {
        "angle": 45,
        "axis": "x",
        "origin": [
          8,
          4,
          6
        ]
      },
      "faces": {
        "north": {
          "uv": [
            0.5,
            6.75,
            1,
            8
          ],
          "texture": "#0"
        },
        "east": {
          "uv": [
            7.25,
            2,
            7.5,
            3.25
          ],
          "texture": "#0"
        },
        "south": {
          "uv": [
            1,
            6.75,
            1.5,
            8
          ],
          "texture": "#0"
        },
        "west": {
          "uv": [
            5.5,
            7.25,
            5.75,
            8.5
          ],
          "texture": "#0"
        },
        "up": {
          "uv": [
            6.75,
            8.5,
            6.25,
            8.25
          ],
          "texture": "#0"
        },
        "down": {
          "uv": [
            8.75,
            6.25,
            8.25,
            6.5
          ],
          "texture": "#0"
        }
      }
    }
  ],
  "display": {
    "thirdperson_righthand": {
      "rotation": [
        0,
        -180,
        0
      ],
      "translation": [
        0.5,
        0,
        -0.25
      ],
      "scale": [
        0.4,
        0.4,
        0.5
      ]
    },
    "thirdperson_lefthand": {
      "rotation": [
        0,
        -180,
        0
      ],
      "translation": [
        -0.5,
        0,
        -0.25
      ],
      "scale": [
        0.4,
        0.4,
        0.5
      ]
    },
    "firstperson_righthand": {
      "rotation": [
        0,
        -180,
        0
      ],
      "translation": [
        1.25,
        0,
        0.25
      ],
      "scale": [
        0.4,
        0.4,
        0.5
      ]
    },
    "firstperson_lefthand": {
      "rotation": [
        0,
        -180,
        0
      ],
      "translation": [
        1.25,
        0,
        0.25
      ],
      "scale": [
        0.4,
        0.4,
        0.5
      ]
    },
    "ground": {
      "scale": [
        0.4,
        0.4,
        0.5
      ]
    },
    "gui": {
      "rotation": [
        -91.7,
        53.72,
        91.39
      ],
      "translation": [
        -0.25,
        0.75,
        0
      ],
      "scale": [
        0.6,
        0.6,
        0.7
      ]
    },
    "head": {
      "rotation": [
        180,
        0,
        93
      ],
      "translation": [
        -7.25,
        -3.25,
        -6.5
      ],
      "scale": [
        0.4,
        0.4,
        0.5
      ]
    },
    "fixed": {
      "rotation": [
        -90,
        48.25,
        90
      ],
      "translation": [
        0,
        0,
        0.75
      ],
      "scale": [
        1,
        1,
        1.1
      ]
    }
  }
}